customer_id,customer_city,signup_date
1,Amman,2024-10-16
2,Mafraq,2023-01-26
3,Aqaba,2023-09-08
4,Zarqa,2023-05-23
5,Amman,2024-11-23
6,Amman,2023-03-31
7,Amman,2024-03-08
8,Karak,2023-01-31
9,Zarqa,2023-08-12
10,Aqaba,2024-06-01
11,Amman,2023-01-28
12,Mafraq,2023-07-23
13,Madaba,2024-12-19
14,Amman,2024-03-05
15,Amman,2024-04-04
16,Amman,2023-10-12
17,Amman,2023-06-13
18,Irbid,2023-12-15
19,Irbid,2023-06-09
20,Amman,2023-12-11
21,Zarqa,2023-04-05
22,Amman,2023-04-10
23,Amman,2023-12-19
24,Amman,2023-09-28
25,Irbid,2024-04-15
26,Madaba,2023-05-08
27,Amman,2023-03-22
28,Irbid,2023-10-28
29,Zarqa,2024-09-25
30,Amman,2024-08-14
31,Zarqa,2024-12-22
32,Amman,2023-02-16
33,Amman,2023-10-24
34,Salt,2023-08-27
35,Mafraq,2024-01-25
36,Madaba,2024-04-09
37,Amman,2024-01-09
38,Amman,2024-01-15
39,Zarqa,2023-08-03
40,Irbid,2024-12-19
41,Amman,2023-03-15
42,Irbid,2024-10-12
43,Amman,2024-06-30
44,Salt,2023-06-17
45,Amman,2024-01-24
46,Zarqa,2024-10-17
47,Amman,2023-08-13
48,Irbid,2023-02-27
49,Irbid,2023-02-02
50,Amman,2024-02-15
51,Mafraq,2023-03-09
52,Aqaba,2024-08-03
53,Salt,2023-08-06
54,Karak,2024-05-26
55,Zarqa,2024-10-20
56,Salt,2023-05-27
57,Amman,2023-05-23
58,Amman,2024-07-28
59,Amman,2023-09-27
60,Amman,2024-03-14
61,Amman,2024-02-13
62,Amman,2023-08-13
63,Madaba,2024-06-05
64,Amman,2023-04-04
65,Amman,2023-04-23
66,Irbid,2024-10-04
67,Amman,2024-11-27
68,Madaba,2024-09-02
69,Amman,2024-01-30
70,Mafraq,2024-09-02
71,Aqaba,2024-06-25
72,Amman,2024-07-20
73,Amman,2024-11-27
74,Madaba,2024-11-29
75,Aqaba,2023-10-01
76,Aqaba,2023-12-15
77,Aqaba,2023-10-28
78,Amman,2023-06-11
79,Amman,2023-01-04
80,Amman,2024-05-27
81,Karak,2024-06-03
82,Zarqa,2024-10-02
83,Amman,2024-10-16
84,Amman,2024-09-15
85,Amman,2023-06-06
86,Amman,2023-06-15
87,Aqaba,2024-06-27
88,Zarqa,2024-09-05
89,Karak,2024-05-15
90,Irbid,2023-04-25
91,Amman,2023-11-11
92,Aqaba,2023-03-01
93,Aqaba,2024-08-03
94,Zarqa,2023-03-29
95,Aqaba,2023-03-12
96,Irbid,2023-05-09
97,Irbid,2024-11-06
98,Irbid,2024-07-16
99,Amman,2023-09-29
100,Amman,2024-09-13
101,Amman,2023-08-05
102,Zarqa,2024-12-07
103,Amman,2023-11-16
104,Irbid,2024-11-18
105,Salt,2024-01-18
106,Amman,2024-06-13
107,Amman,2023-05-04
108,Aqaba,2023-08-19
109,Amman,2023-12-13
110,Amman,2024-08-25
111,Amman,2023-08-24
112,Amman,2023-08-14
113,Salt,2023-03-14
114,Madaba,2023-03-02
115,Zarqa,2023-03-11
116,Karak,2023-12-05
117,Madaba,2024-06-10
118,Amman,2023-10-13
119,Karak,2023-08-08
120,Irbid,2023-05-16
121,Madaba,2024-08-13
122,Karak,2023-09-06
123,Amman,2024-02-21
124,Amman,2023-04-07
125,Amman,2024-11-05
126,Irbid,2023-12-29
127,Madaba,2024-02-25
128,Karak,2023-02-25
129,Amman,2024-10-23
130,Irbid,2023-03-04
131,Amman,2023-12-14
132,Amman,2023-09-12
133,Amman,2023-07-14
134,Amman,2024-04-04
135,Salt,2024-03-08
136,Amman,2023-10-13
137,Irbid,2023-09-13
138,Aqaba,2024-03-29
139,Amman,2023-04-11
140,Mafraq,2024-10-29
141,Mafraq,2023-01-16
142,Amman,2023-08-31
143,Irbid,2024-02-21
144,Amman,2024-05-07
145,Amman,2024-02-15
146,Amman,2023-06-18
147,Zarqa,2023-01-03
148,Irbid,2023-09-29
149,Amman,2023-10-20
150,Amman,2024-12-14
151,Salt,2024-11-08
152,Amman,2023-06-08
153,Amman,2023-10-31
154,Irbid,2023-03-01
155,Mafraq,2024-07-09
156,Amman,2023-11-18
157,Zarqa,2023-02-21
158,Aqaba,2024-05-03
159,Amman,2024-06-27
160,Aqaba,2023-02-28
161,Amman,2023-03-24
162,Zarqa,2023-03-12
163,Zarqa,2023-03-11
164,Irbid,2024-02-18
165,Amman,2024-08-06
166,Madaba,2024-08-15
167,Amman,2023-02-10
168,Amman,2023-03-25
169,Amman,2024-11-04
170,Zarqa,2024-08-01
171,Zarqa,2023-11-20
172,Amman,2023-07-29
173,Irbid,2023-09-02
174,Amman,2024-02-10
175,Zarqa,2024-11-18
176,Amman,2023-11-04
177,Aqaba,2023-11-20
178,Amman,2023-01-10
179,Salt,2024-09-28
180,Amman,2023-04-13
181,Amman,2024-07-04
182,Amman,2024-06-02
183,Salt,2023-05-16
184,Karak,2023-03-12
185,Amman,2024-01-14
186,Zarqa,2023-06-11
187,Madaba,2024-07-10
188,Irbid,2024-09-18
189,Irbid,2024-06-25
190,Amman,2024-11-14
191,Amman,2023-11-03
192,Karak,2023-05-18
193,Salt,2023-04-29
194,Zarqa,2024-07-20
195,Amman,2023-10-06
196,Amman,2024-09-11
197,Aqaba,2023-12-18
198,Karak,2024-12-04
199,Karak,2023-09-28
200,Aqaba,2024-05-15
201,Zarqa,2023-02-22
202,Amman,2024-10-11
203,Amman,2023-10-11
204,Karak,2023-01-04
205,Zarqa,2023-05-14
206,Amman,2023-09-26
207,Amman,2024-03-28
208,Zarqa,2024-12-23
209,Amman,2024-07-28
210,Amman,2023-04-25
211,Irbid,2024-12-08
212,Aqaba,2024-07-12
213,Zarqa,2024-01-14
214,Amman,2024-07-19
215,Aqaba,2024-03-16
216,Amman,2023-02-12
217,Amman,2024-01-09
218,Aqaba,2024-01-02
219,Zarqa,2024-11-29
220,Karak,2024-11-13
221,Zarqa,2023-12-29
222,Zarqa,2024-02-21
223,Amman,2023-06-08
224,Amman,2023-06-16
225,Amman,2024-02-27
226,Amman,2023-07-03
227,Mafraq,2024-02-26
228,Amman,2023-10-01
229,Karak,2024-12-19
230,Zarqa,2024-01-27
231,Madaba,2024-04-26
232,Irbid,2023-07-24
233,Zarqa,2023-12-25
234,Irbid,2023-08-22
235,Amman,2023-01-25
236,Aqaba,2024-02-13
237,Amman,2023-10-13
238,Amman,2023-10-13
239,Zarqa,2024-10-18
240,Amman,2024-02-14
241,Salt,2023-12-06
242,Mafraq,2023-04-29
243,Salt,2023-07-02
244,Amman,2023-09-29
245,Amman,2023-04-22
246,Salt,2024-03-20
247,Irbid,2023-11-18
248,Mafraq,2024-09-12
249,Mafraq,2023-04-29
250,Karak,2024-08-13
251,Amman,2023-09-18
252,Amman,2024-12-26
253,Karak,2023-01-02
254,Amman,2024-07-05
255,Amman,2024-01-08
256,Irbid,2023-03-13
257,Salt,2024-09-30
258,Aqaba,2024-11-10
259,Zarqa,2023-11-04
260,Amman,2023-11-13
261,Zarqa,2023-12-01
262,Mafraq,2024-12-14
263,Amman,2024-07-21
264,Irbid,2023-07-16
265,Karak,2024-11-11
266,Aqaba,2024-11-24
267,Aqaba,2024-09-22
268,Aqaba,2023-11-05
269,Amman,2024-07-15
270,Amman,2023-11-08
271,Madaba,2023-08-04
272,Madaba,2024-08-16
273,Karak,2024-11-01
274,Salt,2024-04-21
275,Irbid,2024-03-28
276,Irbid,2024-06-07
277,Madaba,2023-06-23
278,Zarqa,2023-03-28
279,Aqaba,2024-06-11
280,Madaba,2024-09-26
281,Karak,2023-04-06
282,Amman,2024-11-19
283,Amman,2023-08-19
284,Amman,2023-05-31
285,Zarqa,2023-02-17
286,Amman,2024-05-01
287,Irbid,2023-03-16
288,Irbid,2024-02-29
289,Amman,2024-08-12
290,Zarqa,2024-12-14
291,Amman,2024-05-21
292,Amman,2023-09-07
293,Madaba,2024-11-02
294,Amman,2023-04-20
295,Amman,2023-08-13
296,Irbid,2024-12-13
297,Aqaba,2024-04-20
298,Amman,2024-07-24
299,Zarqa,2023-05-05
300,Amman,2023-05-17
301,Amman,2024-11-14
302,Irbid,2024-07-26
303,Irbid,2023-11-21
304,Zarqa,2024-09-19
305,Aqaba,2024-03-12
306,Mafraq,2024-04-01
307,Irbid,2024-05-01
308,Amman,2023-09-23
309,Madaba,2024-10-14
310,Amman,2024-06-17
311,Irbid,2024-10-03
312,Amman,2023-10-09
313,Amman,2023-03-21
314,Mafraq,2023-08-29
315,Madaba,2023-12-10
316,Aqaba,2024-07-07
317,Amman,2023-05-22
318,Amman,2023-08-25
319,Amman,2024-12-11
320,Amman,2024-12-24
321,Irbid,2023-03-07
322,Aqaba,2024-02-22
323,Zarqa,2024-07-09
324,Amman,2024-03-01
325,Mafraq,2023-07-31
326,Aqaba,2024-02-03
327,Irbid,2024-12-13
328,Zarqa,2024-08-12
329,Amman,2024-05-03
330,Amman,2023-12-27
331,Amman,2024-02-04
332,Aqaba,2024-07-05
333,Amman,2024-09-09
334,Amman,2024-05-14
335,Amman,2023-10-07
336,Amman,2024-05-12
337,Karak,2024-02-03
338,Aqaba,2024-11-15
339,Irbid,2023-06-19
340,Amman,2023-05-11
341,Irbid,2024-06-30
342,Irbid,2024-02-08
343,Amman,2024-07-31
344,Irbid,2023-03-27
345,Amman,2024-03-14
346,Zarqa,2024-04-17
347,Zarqa,2023-02-21
348,Amman,2024-01-24
349,Amman,2023-08-05
350,Zarqa,2023-12-01
351,Irbid,2024-01-24
352,Karak,2024-03-07
353,Zarqa,2023-03-25
354,Amman,2023-01-20
355,Amman,2023-02-23
356,Zarqa,2023-08-18
357,Amman,2023-03-12
358,Zarqa,2023-02-11
359,Salt,2023-09-11
360,Zarqa,2023-01-21
361,Amman,2023-06-06
362,Zarqa,2023-05-10
363,Irbid,2024-11-16
364,Irbid,2024-07-31
365,Salt,2024-04-21
366,Amman,2024-01-13
367,Mafraq,2024-09-12
368,Salt,2023-04-28
369,Amman,2023-11-15
370,Amman,2024-08-15
371,Amman,2023-11-16
372,Amman,2024-11-24
373,Amman,2024-02-11
374,Zarqa,2023-03-19
375,Amman,2024-12-08
376,Amman,2023-09-06
377,Karak,2024-12-14
378,Amman,2024-12-01
379,Madaba,2023-05-04
380,Amman,2023-02-12
381,Amman,2024-06-29
382,Aqaba,2024-11-08
383,Zarqa,2023-03-12
384,Karak,2024-10-25
385,Aqaba,2023-01-13
386,Madaba,2024-05-16
387,Amman,2024-03-19
388,Amman,2024-10-12
389,Aqaba,2024-12-25
390,Madaba,2024-03-21
391,Mafraq,2024-06-18
392,Amman,2023-10-04
393,Amman,2024-07-05
394,Aqaba,2024-04-21
395,Amman,2024-08-29
396,Salt,2023-11-27
397,Karak,2023-03-30
398,Irbid,2024-04-06
399,Aqaba,2024-04-20
400,Aqaba,2024-09-16
401,Amman,2023-12-11
402,Salt,2024-05-21
403,Irbid,2023-07-06
404,Madaba,2023-08-06
405,Amman,2023-09-22
406,Karak,2023-10-14
407,Amman,2024-12-19
408,Amman,2024-07-23
409,Salt,2024-06-13
410,Amman,2023-03-29
411,Amman,2024-02-21
412,Mafraq,2024-07-22
413,Mafraq,2024-12-08
414,Zarqa,2024-10-23
415,Zarqa,2024-04-03
416,Irbid,2023-04-06
417,Amman,2023-08-15
418,Amman,2024-12-09
419,Zarqa,2023-11-10
420,Aqaba,2024-01-13
421,Madaba,2024-07-20
422,Madaba,2023-12-19
423,Amman,2024-07-17
424,Irbid,2023-12-27
425,Amman,2023-10-05
426,Irbid,2023-09-15
427,Irbid,2023-05-04
428,Karak,2023-11-20
429,Amman,2024-07-02
430,Amman,2023-07-16
431,Amman,2024-05-10
432,Aqaba,2024-08-26
433,Zarqa,2024-09-03
434,Amman,2023-04-13
435,Amman,2023-10-31
436,Aqaba,2024-01-05
437,Amman,2023-11-06
438,Madaba,2024-12-26
439,Aqaba,2023-05-10
440,Amman,2023-02-16
441,Amman,2024-07-20
442,Mafraq,2024-12-15
443,Amman,2024-10-15
444,Amman,2023-04-16
445,Madaba,2024-08-10
446,Salt,2024-04-25
447,Mafraq,2024-03-27
448,Aqaba,2023-07-08
449,Amman,2023-09-16
450,Amman,2023-04-27
451,Aqaba,2024-02-15
452,Irbid,2023-03-17
453,Irbid,2024-10-06
454,Salt,2023-06-05
455,Amman,2024-07-30
456,Irbid,2023-03-29
457,Amman,2023-05-02
458,Irbid,2024-03-02
459,Amman,2024-09-02
460,Amman,2023-08-20
461,Amman,2024-01-25
462,Zarqa,2024-03-29
463,Aqaba,2024-08-25
464,Zarqa,2023-11-09
465,Mafraq,2024-09-27
466,Amman,2024-09-16
467,Amman,2023-08-01
468,Karak,2023-08-05
469,Amman,2024-11-07
470,Mafraq,2023-06-10
471,Amman,2023-06-27
472,Mafraq,2023-03-18
473,Amman,2023-01-03
474,Karak,2024-04-06
475,Irbid,2024-04-26
476,Mafraq,2023-02-03
477,Amman,2023-10-23
478,Irbid,2024-12-20
479,Mafraq,2023-03-14
480,Irbid,2023-09-28
481,Zarqa,2024-08-26
482,Aqaba,2024-03-11
483,Irbid,2024-07-11
484,Zarqa,2024-10-25
485,Zarqa,2023-09-30
486,Salt,2023-03-15
487,Amman,2023-06-19
488,Amman,2024-09-01
489,Mafraq,2023-10-23
490,Karak,2023-05-08
491,Irbid,2024-12-06
492,Zarqa,2024-12-17
493,Amman,2023-10-06
494,Amman,2024-07-06
495,Irbid,2024-03-24
496,Amman,2024-09-04
497,Zarqa,2024-03-18
498,Amman,2024-09-10
499,Mafraq,2023-01-27
500,Mafraq,2023-08-23
501,Aqaba,2024-08-24
502,Irbid,2024-11-19
503,Amman,2024-08-13
504,Madaba,2023-06-29
505,Zarqa,2024-06-15
506,Amman,2024-03-28
507,Salt,2023-07-05
508,Madaba,2024-03-22
509,Salt,2024-05-18
510,Aqaba,2024-04-26
511,Zarqa,2024-02-23
512,Amman,2023-11-25
513,Salt,2023-06-14
514,Karak,2024-02-26
515,Amman,2023-10-23
516,Amman,2024-07-17
517,Amman,2024-04-10
518,Madaba,2023-11-19
519,Mafraq,2023-11-28
520,Amman,2024-02-18
521,Zarqa,2023-01-02
522,Amman,2024-07-09
523,Mafraq,2024-02-28
524,Karak,2023-07-12
525,Madaba,2024-01-06
526,Irbid,2024-05-25
527,Amman,2024-03-28
528,Amman,2023-07-28
529,Amman,2024-07-16
530,Karak,2023-10-22
531,Madaba,2024-12-16
532,Mafraq,2023-05-05
533,Mafraq,2024-10-07
534,Irbid,2023-09-03
535,Aqaba,2023-11-15
536,Salt,2023-01-15
537,Karak,2024-02-22
538,Amman,2023-08-19
539,Irbid,2024-04-17
540,Amman,2024-10-25
541,Mafraq,2024-05-25
542,Zarqa,2024-06-05
543,Amman,2024-03-01
544,Zarqa,2024-04-28
545,Zarqa,2024-04-12
546,Amman,2023-05-29
547,Amman,2023-07-15
548,Zarqa,2024-06-04
549,Irbid,2023-03-13
550,Aqaba,2024-02-29
551,Irbid,2024-06-03
552,Karak,2023-01-03
553,Irbid,2023-11-02
554,Zarqa,2024-08-16
555,Karak,2023-06-02
556,Amman,2024-07-05
557,Amman,2023-12-20
558,Amman,2024-07-19
559,Aqaba,2024-01-22
560,Zarqa,2023-11-26
561,Aqaba,2024-12-15
562,Amman,2024-08-08
563,Amman,2023-08-28
564,Amman,2023-02-14
565,Amman,2024-04-29
566,Zarqa,2024-01-31
567,Amman,2023-06-05
568,Irbid,2023-02-07
569,Salt,2024-05-29
570,Amman,2023-12-06
571,Irbid,2024-03-26
572,Madaba,2024-06-22
573,Amman,2023-01-16
574,Zarqa,2024-02-24
575,Karak,2023-06-08
576,Salt,2024-04-25
577,Amman,2023-12-13
578,Salt,2024-12-10
579,Irbid,2024-10-27
580,Amman,2023-12-03
581,Irbid,2024-01-25
582,Mafraq,2024-10-03
583,Irbid,2024-07-08
584,Amman,2024-09-24
585,Zarqa,2023-08-29
586,Amman,2024-12-01
587,Amman,2023-08-21
588,Amman,2024-03-20
589,Amman,2024-10-10
590,Amman,2024-03-30
591,Amman,2024-12-11
592,Zarqa,2023-01-30
593,Amman,2023-11-29
594,Amman,2023-10-28
595,Karak,2024-01-19
596,Irbid,2023-05-30
597,Zarqa,2024-06-27
598,Amman,2024-08-02
599,Amman,2023-06-24
600,Amman,2023-03-22
601,Amman,2024-01-27
602,Amman,2024-11-30
603,Amman,2024-05-24
604,Amman,2023-05-27
605,Amman,2024-04-17
606,Irbid,2023-09-18
607,Amman,2023-09-19
608,Amman,2024-04-21
609,Irbid,2024-11-24
610,Aqaba,2023-06-11
611,Amman,2024-03-28
612,Madaba,2024-08-24
613,Zarqa,2024-10-16
614,Amman,2024-12-07
615,Karak,2024-04-12
616,Salt,2023-07-23
617,Amman,2024-05-09
618,Amman,2023-08-31
619,Madaba,2024-08-08
620,Aqaba,2024-08-11
621,Amman,2024-12-17
622,Amman,2023-01-23
623,Amman,2024-02-10
624,Irbid,2023-01-09
625,Zarqa,2024-12-03
626,Amman,2024-09-12
627,Irbid,2023-10-21
628,Aqaba,2024-09-13
629,Amman,2023-08-13
630,Amman,2023-07-14
631,Aqaba,2023-09-14
632,Karak,2024-10-05
633,Irbid,2024-10-04
634,Irbid,2023-02-10
635,Amman,2024-03-27
636,Irbid,2024-08-16
637,Irbid,2023-05-15
638,Amman,2023-10-30
639,Amman,2024-03-01
640,Amman,2023-07-25
641,Amman,2024-07-06
642,Amman,2024-06-27
643,Amman,2023-10-07
644,Amman,2023-09-21
645,Amman,2023-10-30
646,Karak,2023-04-28
647,Zarqa,2023-03-19
648,Zarqa,2023-08-20
649,Madaba,2024-07-24
650,Irbid,2023-04-03
651,Amman,2023-01-15
652,Irbid,2024-07-03
653,Zarqa,2024-04-10
654,Aqaba,2024-11-19
655,Irbid,2024-08-21
656,Amman,2024-10-15
657,Amman,2023-04-21
658,Amman,2024-04-27
659,Zarqa,2024-09-26
660,Zarqa,2023-12-02
661,Amman,2023-08-15
662,Mafraq,2023-03-06
663,Zarqa,2024-04-20
664,Amman,2024-10-26
665,Amman,2023-04-30
666,Amman,2023-02-16
667,Amman,2023-11-08
668,Amman,2023-04-29
669,Amman,2023-08-29
670,Amman,2023-05-19
671,Amman,2024-04-09
672,Karak,2024-11-17
673,Amman,2024-03-05
674,Irbid,2023-06-08
675,Amman,2024-11-01
676,Mafraq,2024-05-16
677,Amman,2024-02-22
678,Amman,2023-02-03
679,Mafraq,2023-08-11
680,Karak,2024-03-31
681,Madaba,2024-01-07
682,Amman,2024-12-03
683,Amman,2024-07-11
684,Zarqa,2024-01-03
685,Salt,2024-02-12
686,Irbid,2023-07-14
687,Zarqa,2024-04-10
688,Amman,2024-11-09
689,Aqaba,2024-10-19
690,Amman,2024-09-03
691,Amman,2023-02-21
692,Irbid,2023-09-07
693,Irbid,2024-08-01
694,Amman,2023-03-12
695,Amman,2023-08-01
696,Zarqa,2023-08-10
697,Amman,2023-12-03
698,Zarqa,2024-09-02
699,Amman,2023-10-11
700,Irbid,2023-05-14
701,Irbid,2023-09-14
702,Amman,2023-04-23
703,Amman,2023-05-15
704,Amman,2024-01-02
705,Amman,2024-08-25
706,Mafraq,2023-01-17
707,Amman,2023-09-29
708,Madaba,2023-05-10
709,Amman,2024-06-22
710,Zarqa,2023-03-07
711,Aqaba,2024-04-04
712,Zarqa,2024-06-09
713,Irbid,2023-04-22
714,Amman,2024-05-30
715,Amman,2024-09-21
716,Salt,2024-11-05
717,Madaba,2023-11-05
718,Mafraq,2024-10-20
719,Amman,2023-03-04
720,Aqaba,2024-02-16
721,Salt,2024-12-03
722,Amman,2024-05-17
723,Amman,2023-03-17
724,Aqaba,2023-11-26
725,Zarqa,2023-06-01
726,Karak,2023-05-10
727,Amman,2024-10-01
728,Madaba,2024-08-22
729,Amman,2024-12-30
730,Amman,2024-01-26
731,Amman,2024-06-27
732,Madaba,2024-04-09
733,Zarqa,2024-09-11
734,Irbid,2023-04-12
735,Amman,2024-11-01
736,Karak,2024-07-18
737,Amman,2024-03-16
738,Madaba,2023-08-22
739,Irbid,2023-12-14
740,Amman,2024-02-13
741,Irbid,2023-04-08
742,Amman,2024-03-13
743,Aqaba,2024-11-12
744,Irbid,2024-01-19
745,Amman,2024-12-04
746,Karak,2023-03-10
747,Amman,2023-03-29
748,Irbid,2024-03-18
749,Salt,2024-01-17
750,Zarqa,2024-07-23
751,Amman,2024-08-23
752,Salt,2024-07-29
753,Zarqa,2024-11-17
754,Amman,2024-02-25
755,Amman,2024-11-12
756,Madaba,2023-02-22
757,Zarqa,2024-09-06
758,Irbid,2023-12-27
759,Karak,2024-08-14
760,Madaba,2023-08-06
761,Amman,2024-11-03
762,Amman,2023-08-18
763,Amman,2023-12-25
764,Aqaba,2024-01-12
765,Amman,2023-10-13
766,Zarqa,2023-08-20
767,Aqaba,2024-07-28
768,Karak,2024-09-20
769,Amman,2024-07-24
770,Madaba,2024-09-15
771,Amman,2024-12-11
772,Karak,2023-01-30
773,Amman,2023-10-07
774,Amman,2023-12-14
775,Madaba,2023-01-07
776,Amman,2023-05-27
777,Amman,2024-11-04
778,Aqaba,2023-03-13
779,Aqaba,2024-10-10
780,Zarqa,2023-04-04
781,Aqaba,2023-08-09
782,Irbid,2024-03-05
783,Amman,2023-12-16
784,Amman,2024-01-14
785,Amman,2023-11-29
786,Salt,2024-09-02
787,Zarqa,2023-02-23
788,Amman,2023-06-11
789,Irbid,2023-02-20
790,Salt,2023-10-06
791,Amman,2024-11-08
792,Zarqa,2024-05-12
793,Irbid,2024-03-28
794,Zarqa,2023-10-07
795,Amman,2024-06-08
796,Karak,2023-12-20
797,Salt,2023-04-24
798,Zarqa,2024-11-25
799,Aqaba,2024-05-13
800,Salt,2024-11-14
801,Aqaba,2023-02-16
802,Amman,2024-02-09
803,Zarqa,2023-02-26
804,Zarqa,2023-07-29
805,Irbid,2023-08-05
806,Aqaba,2023-09-19
807,Salt,2023-12-02
808,Salt,2023-01-08
809,Irbid,2024-03-16
810,Amman,2023-05-13
811,Mafraq,2024-06-29
812,Madaba,2024-05-27
813,Amman,2024-11-15
814,Salt,2023-03-15
815,Karak,2023-02-13
816,Irbid,2023-01-20
817,Zarqa,2023-03-21
818,Amman,2024-08-12
819,Amman,2024-08-10
820,Amman,2024-12-27
821,Madaba,2024-03-03
822,Amman,2023-04-28
823,Amman,2023-01-22
824,Amman,2023-06-25
825,Irbid,2024-04-16
826,Salt,2023-04-01
827,Amman,2023-04-19
828,Amman,2024-03-22
829,Aqaba,2024-02-15
830,Irbid,2023-03-22
831,Amman,2023-11-14
832,Irbid,2023-08-15
833,Amman,2023-06-22
834,Amman,2024-06-06
835,Irbid,2023-04-27
836,Amman,2024-06-06
837,Salt,2023-12-24
838,Amman,2024-10-22
839,Zarqa,2023-08-30
840,Zarqa,2023-05-30
841,Amman,2023-07-22
842,Zarqa,2024-09-08
843,Amman,2024-11-02
844,Mafraq,2023-07-01
845,Amman,2024-05-20
846,Amman,2024-07-31
847,Amman,2024-04-04
848,Mafraq,2024-10-20
849,Irbid,2024-10-01
850,Zarqa,2024-10-04
851,Amman,2023-06-04
852,Aqaba,2023-03-11
853,Amman,2024-03-28
854,Karak,2023-11-07
855,Amman,2024-08-28
856,Amman,2023-12-27
857,Amman,2023-03-17
858,Irbid,2024-04-17
859,Zarqa,2023-02-08
860,Amman,2024-01-13
861,Aqaba,2023-03-20
862,Irbid,2023-04-03
863,Irbid,2024-08-31
864,Irbid,2024-01-29
865,Amman,2024-08-17
866,Irbid,2023-02-12
867,Amman,2024-08-08
868,Amman,2023-07-12
869,Karak,2024-09-11
870,Salt,2024-05-28
871,Amman,2023-03-05
872,Amman,2023-04-16
873,Zarqa,2023-03-28
874,Amman,2024-10-23
875,Amman,2023-02-10
876,Amman,2024-12-25
877,Aqaba,2024-03-25
878,Zarqa,2024-06-19
879,Amman,2023-06-12
880,Amman,2024-01-17
881,Amman,2024-02-01
882,Zarqa,2023-12-13
883,Amman,2023-02-23
884,Amman,2024-10-24
885,Madaba,2023-03-09
886,Amman,2023-04-07
887,Zarqa,2024-11-25
888,Amman,2023-10-18
889,Amman,2024-11-03
890,Amman,2023-06-03
891,Aqaba,2023-03-25
892,Karak,2024-11-10
893,Madaba,2023-12-25
894,Amman,2024-11-02
895,Zarqa,2023-05-13
896,Amman,2024-12-26
897,Amman,2023-11-14
898,Karak,2024-01-21
899,Amman,2023-12-03
900,Amman,2024-11-17
901,Amman,2023-04-06
902,Amman,2024-11-17
903,Amman,2024-06-04
904,Zarqa,2023-01-19
905,Irbid,2023-11-13
906,Karak,2023-08-08
907,Madaba,2024-05-12
908,Amman,2023-08-20
909,Amman,2023-06-08
910,Amman,2023-10-30
911,Zarqa,2024-06-03
912,Amman,2024-06-23
913,Zarqa,2024-11-08
914,Amman,2024-09-24
915,Irbid,2024-09-03
916,Irbid,2023-06-07
917,Amman,2023-07-05
918,Salt,2023-06-19
919,Aqaba,2023-02-14
920,Amman,2024-01-09
921,Karak,2024-03-30
922,Irbid,2023-10-19
923,Karak,2023-08-28
924,Madaba,2023-09-02
925,Irbid,2024-04-25
926,Amman,2024-01-12
927,Amman,2024-03-27
928,Irbid,2023-10-16
929,Zarqa,2024-05-29
930,Amman,2024-03-04
931,Amman,2023-07-24
932,Madaba,2023-05-22
933,Mafraq,2023-02-23
934,Irbid,2024-05-07
935,Amman,2024-07-21
936,Amman,2024-12-29
937,Amman,2023-05-08
938,Salt,2023-03-27
939,Amman,2023-10-07
940,Zarqa,2024-06-09
941,Amman,2024-03-23
942,Irbid,2023-08-16
943,Zarqa,2023-12-24
944,Madaba,2024-02-29
945,Amman,2024-02-10
946,Amman,2024-01-18
947,Amman,2024-01-31
948,Salt,2024-01-19
949,Karak,2023-01-29
950,Zarqa,2023-04-12
951,Zarqa,2023-12-10
952,Zarqa,2023-05-21
953,Amman,2023-10-21
954,Salt,2024-12-13
955,Amman,2024-12-23
956,Amman,2024-04-04
957,Irbid,2023-01-06
958,Amman,2023-01-20
959,Amman,2023-08-09
960,Aqaba,2024-07-15
961,Amman,2024-06-24
962,Zarqa,2023-04-24
963,Amman,2023-09-01
964,Amman,2023-05-05
965,Amman,2023-09-02
966,Amman,2024-10-16
967,Aqaba,2024-04-13
968,Amman,2023-04-24
969,Zarqa,2024-09-03
970,Irbid,2023-01-17
971,Zarqa,2024-06-11
972,Salt,2023-09-05
973,Aqaba,2023-10-26
974,Amman,2023-01-02
975,Amman,2023-12-28
976,Amman,2024-08-07
977,Zarqa,2023-07-11
978,Amman,2024-06-20
979,Irbid,2023-03-11
980,Zarqa,2024-07-11
981,Amman,2024-06-03
982,Aqaba,2023-01-21
983,Amman,2024-04-26
984,Amman,2024-10-12
985,Aqaba,2024-01-18
986,Irbid,2023-01-17
987,Zarqa,2023-03-11
988,Irbid,2023-09-04
989,Amman,2024-10-05
990,Madaba,2024-08-18
991,Madaba,2023-05-17
992,Aqaba,2023-12-27
993,Amman,2023-12-13
994,Zarqa,2023-06-29
995,Amman,2024-12-13
996,Amman,2024-10-08
997,Salt,2023-05-19
998,Amman,2024-04-13
999,Mafraq,2023-10-28
1000,Irbid,2023-02-14
1001,Amman,2023-02-12
1002,Irbid,2023-11-14
1003,Karak,2024-02-12
1004,Aqaba,2024-04-29
1005,Madaba,2023-02-07
1006,Zarqa,2023-07-15
1007,Aqaba,2024-01-01
1008,Karak,2024-11-02
1009,Amman,2023-10-07
1010,Irbid,2024-01-12
1011,Amman,2024-02-14
1012,Mafraq,2024-01-31
1013,Salt,2023-07-11
1014,Amman,2024-12-09
1015,Aqaba,2024-01-12
1016,Salt,2023-10-01
1017,Amman,2024-03-10
1018,Zarqa,2024-03-16
1019,Salt,2023-07-04
1020,Amman,2023-10-28
1021,Aqaba,2023-04-16
1022,Amman,2023-12-02
1023,Salt,2023-11-10
1024,Mafraq,2024-09-09
1025,Salt,2023-06-20
1026,Irbid,2023-12-26
1027,Karak,2023-02-13
1028,Karak,2024-09-21
1029,Amman,2023-10-09
1030,Madaba,2023-02-28
1031,Amman,2024-11-18
1032,Zarqa,2024-02-20
1033,Amman,2024-06-09
1034,Amman,2023-02-01
1035,Amman,2024-09-14
1036,Aqaba,2023-02-05
1037,Amman,2023-03-10
1038,Aqaba,2024-10-22
1039,Amman,2024-01-06
1040,Amman,2024-08-03
1041,Irbid,2024-09-11
1042,Madaba,2024-11-26
1043,Amman,2024-01-15
1044,Zarqa,2024-03-30
1045,Karak,2024-08-10
1046,Zarqa,2024-06-26
1047,Amman,2024-02-12
1048,Amman,2024-10-27
1049,Karak,2023-09-13
1050,Amman,2023-01-27
1051,Karak,2024-05-26
1052,Irbid,2024-02-01
1053,Salt,2023-05-01
1054,Madaba,2023-09-24
1055,Mafraq,2023-08-08
1056,Amman,2023-10-20
1057,Aqaba,2023-07-24
1058,Amman,2023-05-19
1059,Irbid,2024-04-07
1060,Zarqa,2024-03-31
1061,Karak,2024-11-29
1062,Mafraq,2024-11-14
1063,Aqaba,2024-12-27
1064,Amman,2024-07-17
1065,Irbid,2023-10-25
1066,Aqaba,2023-06-11
1067,Amman,2023-06-28
1068,Amman,2024-06-04
1069,Amman,2023-05-05
1070,Amman,2023-05-23
1071,Amman,2024-05-20
1072,Amman,2024-01-05
1073,Amman,2024-08-09
1074,Amman,2024-04-23
1075,Mafraq,2023-05-13
1076,Irbid,2023-03-30
1077,Amman,2023-11-13
1078,Zarqa,2024-05-05
1079,Amman,2024-02-25
1080,Salt,2024-08-11
1081,Madaba,2023-05-09
1082,Amman,2024-10-19
1083,Amman,2024-04-05
1084,Karak,2024-11-27
1085,Salt,2023-12-19
1086,Irbid,2024-07-18
1087,Zarqa,2024-08-24
1088,Amman,2023-05-13
1089,Mafraq,2024-05-29
1090,Amman,2023-05-08
1091,Salt,2023-06-06
1092,Zarqa,2023-06-18
1093,Zarqa,2023-11-27
1094,Irbid,2023-12-21
1095,Amman,2023-10-18
1096,Amman,2023-09-14
1097,Amman,2024-10-12
1098,Amman,2023-10-09
1099,Aqaba,2024-10-02
1100,Amman,2024-09-21
1101,Amman,2023-04-06
1102,Mafraq,2024-10-18
1103,Karak,2024-08-29
1104,Salt,2023-06-07
1105,Mafraq,2024-11-05
1106,Amman,2024-09-11
1107,Amman,2024-07-31
1108,Aqaba,2023-01-30
1109,Aqaba,2023-02-16
1110,Amman,2024-08-13
1111,Madaba,2024-10-28
1112,Amman,2024-08-08
1113,Amman,2024-09-24
1114,Irbid,2023-02-01
1115,Zarqa,2024-10-04
1116,Zarqa,2023-10-24
1117,Amman,2023-11-06
1118,Karak,2023-09-08
1119,Amman,2023-11-01
1120,Amman,2023-03-16
1121,Karak,2023-06-11
1122,Mafraq,2024-03-01
1123,Karak,2024-04-20
1124,Madaba,2023-12-15
1125,Zarqa,2023-05-28
1126,Irbid,2023-11-23
1127,Amman,2024-02-13
1128,Amman,2024-01-15
1129,Amman,2024-07-29
1130,Amman,2023-11-23
1131,Aqaba,2024-04-22
1132,Irbid,2023-10-01
1133,Amman,2023-09-11
1134,Amman,2023-04-10
1135,Zarqa,2023-10-25
1136,Amman,2024-09-22
1137,Karak,2023-09-12
1138,Irbid,2023-12-02
1139,Irbid,2023-11-17
1140,Zarqa,2023-06-13
1141,Madaba,2024-06-11
1142,Amman,2024-05-25
1143,Zarqa,2024-05-24
1144,Zarqa,2023-04-03
1145,Amman,2024-06-01
1146,Karak,2023-09-04
1147,Madaba,2024-08-20
1148,Zarqa,2023-02-19
1149,Karak,2023-10-16
1150,Karak,2024-09-03
1151,Aqaba,2024-11-19
1152,Madaba,2023-10-20
1153,Aqaba,2023-01-09
1154,Zarqa,2024-03-17
1155,Zarqa,2023-09-28
1156,Aqaba,2024-02-17
1157,Amman,2023-02-16
1158,Karak,2023-02-22
1159,Karak,2024-07-29
1160,Amman,2024-01-07
1161,Madaba,2023-10-23
1162,Amman,2024-01-31
1163,Amman,2024-04-06
1164,Aqaba,2023-10-14
1165,Amman,2024-11-27
1166,Madaba,2023-05-02
1167,Madaba,2023-04-10
1168,Irbid,2024-01-18
1169,Amman,2024-07-25
1170,Amman,2023-05-28
1171,Zarqa,2024-09-08
1172,Mafraq,2024-02-16
1173,Zarqa,2023-02-11
1174,Amman,2023-02-09
1175,Zarqa,2023-12-08
1176,Irbid,2024-06-15
1177,Aqaba,2023-06-02
1178,Amman,2024-06-11
1179,Aqaba,2023-12-02
1180,Irbid,2023-11-23
1181,Mafraq,2024-02-07
1182,Amman,2023-11-03
1183,Zarqa,2023-12-11
1184,Salt,2024-06-05
1185,Amman,2024-05-16
1186,Salt,2023-11-03
1187,Zarqa,2023-01-18
1188,Amman,2023-12-06
1189,Amman,2024-03-02
1190,Aqaba,2023-11-12
1191,Amman,2023-01-28
1192,Zarqa,2024-04-30
1193,Amman,2024-11-02
1194,Zarqa,2024-08-14
1195,Amman,2023-02-22
1196,Karak,2024-05-06
1197,Mafraq,2024-06-20
1198,Mafraq,2024-09-26
1199,Aqaba,2023-06-01
1200,Amman,2023-02-02
1201,Aqaba,2024-12-18
1202,Amman,2023-07-15
1203,Amman,2024-03-27
1204,Amman,2024-03-04
1205,Irbid,2024-02-27
1206,Aqaba,2024-02-25
1207,Zarqa,2024-09-18
1208,Irbid,2023-03-05
1209,Amman,2024-06-15
1210,Mafraq,2024-07-28
1211,Irbid,2024-11-09
1212,Irbid,2024-06-22
1213,Amman,2023-11-18
1214,Madaba,2024-04-15
1215,Aqaba,2023-12-17
1216,Amman,2023-12-29
1217,Amman,2024-12-10
1218,Zarqa,2024-09-16
1219,Zarqa,2023-07-16
1220,Amman,2023-10-13
1221,Mafraq,2023-11-02
1222,Amman,2023-11-01
1223,Irbid,2024-12-22
1224,Salt,2024-12-07
1225,Amman,2023-11-21
1226,Zarqa,2023-12-24
1227,Amman,2023-10-08
1228,Amman,2023-05-05
1229,Mafraq,2024-11-23
1230,Amman,2024-01-24
1231,Karak,2023-12-20
1232,Amman,2023-10-25
1233,Amman,2023-10-22
1234,Amman,2023-12-21
1235,Zarqa,2024-11-02
1236,Amman,2024-05-05
1237,Karak,2023-07-26
1238,Irbid,2023-10-05
1239,Mafraq,2024-12-13
1240,Amman,2023-05-21
1241,Karak,2024-09-22
1242,Aqaba,2023-09-03
1243,Aqaba,2023-02-21
1244,Karak,2023-08-20
1245,Aqaba,2023-08-27
1246,Zarqa,2023-04-13
1247,Amman,2023-12-05
1248,Amman,2023-04-13
1249,Salt,2023-01-06
1250,Zarqa,2023-06-11
1251,Madaba,2024-10-30
1252,Irbid,2024-05-03
1253,Amman,2023-07-24
1254,Amman,2023-11-25
1255,Zarqa,2024-10-23
1256,Irbid,2023-04-02
1257,Amman,2024-08-10
1258,Irbid,2024-07-01
1259,Amman,2023-06-29
1260,Zarqa,2023-06-30
1261,Amman,2024-02-11
1262,Madaba,2023-07-10
1263,Amman,2023-02-08
1264,Irbid,2023-11-02
1265,Amman,2024-09-09
1266,Amman,2023-12-10
1267,Amman,2024-04-10
1268,Irbid,2024-07-10
1269,Zarqa,2024-05-20
1270,Amman,2024-05-31
1271,Aqaba,2023-10-07
1272,Karak,2023-04-26
1273,Aqaba,2023-06-16
1274,Amman,2024-10-25
1275,Irbid,2023-07-10
1276,Amman,2023-12-12
1277,Amman,2024-08-04
1278,Mafraq,2023-06-29
1279,Amman,2024-10-16
1280,Irbid,2024-03-13
1281,Zarqa,2023-12-02
1282,Aqaba,2024-02-15
1283,Irbid,2023-07-09
1284,Amman,2024-05-03
1285,Amman,2023-09-12
1286,Irbid,2023-09-25
1287,Amman,2023-08-30
1288,Amman,2023-10-01
1289,Amman,2023-11-06
1290,Amman,2024-08-09
1291,Amman,2023-09-25
1292,Amman,2024-01-04
1293,Zarqa,2023-03-05
1294,Zarqa,2024-04-21
1295,Madaba,2023-06-13
1296,Amman,2024-12-03
1297,Amman,2024-12-21
1298,Amman,2024-12-07
1299,Zarqa,2024-10-16
1300,Aqaba,2024-01-12
1301,Amman,2023-08-15
1302,Salt,2023-05-17
1303,Amman,2023-06-06
1304,Irbid,2024-09-12
1305,Aqaba,2024-03-01
1306,Karak,2024-04-27
1307,Aqaba,2024-11-11
1308,Madaba,2023-09-11
1309,Amman,2023-03-25
1310,Madaba,2024-04-02
1311,Amman,2024-12-21
1312,Karak,2023-03-21
1313,Irbid,2023-04-25
1314,Madaba,2024-07-14
1315,Irbid,2023-07-27
1316,Zarqa,2024-07-03
1317,Irbid,2023-06-18
1318,Aqaba,2024-06-16
1319,Amman,2023-04-30
1320,Amman,2024-08-20
1321,Amman,2023-04-04
1322,Amman,2024-04-01
1323,Karak,2024-04-09
1324,Amman,2024-06-09
1325,Mafraq,2024-04-12
1326,Amman,2023-03-01
1327,Amman,2024-04-18
1328,Madaba,2023-01-23
1329,Zarqa,2023-09-18
1330,Irbid,2023-08-12
1331,Irbid,2023-03-16
1332,Aqaba,2024-03-09
1333,Amman,2024-12-18
1334,Mafraq,2024-07-08
1335,Mafraq,2023-03-12
1336,Zarqa,2023-02-02
1337,Amman,2024-02-23
1338,Zarqa,2023-05-19
1339,Amman,2024-10-23
1340,Amman,2024-01-19
1341,Amman,2024-04-04
1342,Irbid,2024-01-20
1343,Karak,2024-11-30
1344,Aqaba,2023-05-17
1345,Aqaba,2023-12-23
1346,Irbid,2023-07-02
1347,Amman,2024-02-07
1348,Amman,2023-05-11
1349,Mafraq,2023-01-04
1350,Amman,2023-11-02
1351,Karak,2024-11-20
1352,Zarqa,2024-03-10
1353,Irbid,2024-01-24
1354,Aqaba,2023-09-11
1355,Irbid,2023-12-21
1356,Karak,2023-10-10
1357,Salt,2023-04-26
1358,Irbid,2024-11-07
1359,Amman,2024-09-21
1360,Zarqa,2023-09-04
1361,Salt,2023-03-10
1362,Amman,2024-08-31
1363,Zarqa,2024-04-02
1364,Zarqa,2024-11-19
1365,Aqaba,2023-09-08
1366,Amman,2024-02-16
1367,Aqaba,2023-08-28
1368,Salt,2023-08-11
1369,Amman,2023-05-24
1370,Amman,2023-10-24
1371,Mafraq,2024-08-12
1372,Amman,2024-08-14
1373,Karak,2024-11-19
1374,Irbid,2023-08-31
1375,Amman,2023-05-27
1376,Karak,2023-08-15
1377,Irbid,2023-11-04
1378,Irbid,2023-03-04
1379,Amman,2024-08-28
1380,Zarqa,2024-10-03
1381,Amman,2024-07-23
1382,Amman,2023-02-18
1383,Mafraq,2024-10-20
1384,Amman,2024-06-21
1385,Zarqa,2024-12-14
1386,Amman,2024-02-23
1387,Aqaba,2023-11-04
1388,Amman,2023-07-08
1389,Mafraq,2024-04-29
1390,Irbid,2023-08-19
1391,Amman,2024-12-25
1392,Amman,2024-04-19
1393,Amman,2024-07-29
1394,Irbid,2024-03-02
1395,Amman,2024-06-26
1396,Madaba,2024-02-02
1397,Irbid,2023-09-19
1398,Amman,2023-12-05
1399,Zarqa,2023-03-22
1400,Aqaba,2024-01-15
1401,Amman,2024-07-02
1402,Amman,2023-02-22
1403,Amman,2024-01-22
1404,Aqaba,2024-09-09
1405,Zarqa,2023-03-16
1406,Irbid,2024-08-24
1407,Karak,2023-08-11
1408,Madaba,2023-08-02
1409,Zarqa,2023-11-07
1410,Karak,2023-08-05
1411,Amman,2023-05-01
1412,Amman,2023-09-06
1413,Amman,2024-12-21
1414,Amman,2024-02-11
1415,Irbid,2024-07-19
1416,Salt,2023-10-17
1417,Amman,2024-04-22
1418,Amman,2024-10-26
1419,Irbid,2023-11-12
1420,Salt,2024-01-04
1421,Amman,2024-05-24
1422,Irbid,2023-04-11
1423,Amman,2023-11-24
1424,Amman,2024-01-15
1425,Mafraq,2024-02-28
1426,Mafraq,2024-07-30
1427,Amman,2023-05-30
1428,Mafraq,2023-09-25
1429,Zarqa,2024-08-21
1430,Karak,2024-03-03
1431,Irbid,2023-06-06
1432,Irbid,2023-12-04
1433,Irbid,2024-01-24
1434,Zarqa,2023-09-09
1435,Amman,2024-07-17
1436,Amman,2024-12-02
1437,Amman,2023-09-21
1438,Aqaba,2024-10-19
1439,Amman,2024-04-16
1440,Zarqa,2023-12-27
1441,Mafraq,2023-05-24
1442,Amman,2024-05-15
1443,Zarqa,2024-07-09
1444,Irbid,2023-03-02
1445,Karak,2023-02-04
1446,Amman,2024-11-15
1447,Aqaba,2023-01-07
1448,Madaba,2023-05-21
1449,Salt,2023-08-25
1450,Zarqa,2024-12-25
1451,Irbid,2023-01-10
1452,Zarqa,2024-06-01
1453,Karak,2024-01-18
1454,Zarqa,2024-09-24
1455,Amman,2024-11-13
1456,Salt,2024-05-09
1457,Zarqa,2023-01-17
1458,Zarqa,2024-06-28
1459,Amman,2024-02-26
1460,Zarqa,2023-01-18
1461,Amman,2023-10-09
1462,Zarqa,2023-10-21
1463,Amman,2024-05-29
1464,Zarqa,2023-07-03
1465,Mafraq,2023-04-09
1466,Amman,2023-06-02
1467,Mafraq,2023-07-16
1468,Amman,2024-06-23
1469,Karak,2023-12-29
1470,Madaba,2024-02-11
1471,Zarqa,2024-01-18
1472,Aqaba,2024-04-15
1473,Karak,2023-09-07
1474,Amman,2023-11-04
1475,Amman,2024-10-31
1476,Zarqa,2023-02-02
1477,Madaba,2024-02-20
1478,Aqaba,2024-01-22
1479,Madaba,2024-05-02
1480,Irbid,2024-10-14
1481,Madaba,2024-12-20
1482,Amman,2023-03-26
1483,Irbid,2024-03-20
1484,Amman,2023-12-06
1485,Amman,2023-04-08
1486,Amman,2023-02-13
1487,Amman,2023-08-05
1488,Aqaba,2024-05-01
1489,Amman,2023-02-17
1490,Irbid,2024-12-01
1491,Amman,2024-07-10
1492,Amman,2024-11-04
1493,Amman,2023-07-03
1494,Amman,2023-01-17
1495,Zarqa,2024-08-24
1496,Zarqa,2024-12-30
1497,Zarqa,2023-03-20
1498,Irbid,2023-06-16
1499,Amman,2023-09-04
1500,Karak,2024-02-03
1501,Irbid,2023-12-06
1502,Irbid,2023-05-24
1503,Amman,2024-05-27
1504,Amman,2023-02-24
1505,Amman,2024-03-23
1506,Amman,2023-03-19
1507,Zarqa,2024-09-11
1508,Irbid,2024-09-01
1509,Zarqa,2023-12-01
1510,Aqaba,2024-10-11
1511,Madaba,2024-04-06
1512,Aqaba,2023-08-22
1513,Mafraq,2024-07-20
1514,Amman,2024-03-18
1515,Amman,2024-11-27
1516,Amman,2024-11-07
1517,Zarqa,2023-03-29
1518,Karak,2023-10-30
1519,Amman,2023-03-17
1520,Salt,2023-10-02
1521,Amman,2024-01-25
1522,Salt,2023-06-07
1523,Amman,2023-11-21
1524,Amman,2023-04-20
1525,Irbid,2023-01-06
1526,Amman,2024-03-31
1527,Amman,2023-10-04
1528,Amman,2023-05-16
1529,Madaba,2023-07-11
1530,Irbid,2024-04-04
1531,Amman,2024-07-22
1532,Zarqa,2024-02-22
1533,Aqaba,2023-01-27
1534,Amman,2023-12-29
1535,Amman,2023-04-06
1536,Amman,2024-09-04
1537,Amman,2024-01-30
1538,Zarqa,2023-10-26
1539,Amman,2024-02-02
1540,Irbid,2024-07-26
1541,Aqaba,2024-08-08
1542,Amman,2023-06-23
1543,Zarqa,2023-06-23
1544,Amman,2023-10-03
1545,Mafraq,2023-10-02
1546,Irbid,2023-05-30
1547,Madaba,2023-06-21
1548,Irbid,2023-10-10
1549,Amman,2023-11-03
1550,Zarqa,2023-03-20
1551,Mafraq,2023-09-15
1552,Zarqa,2024-10-02
1553,Madaba,2024-08-31
1554,Karak,2023-07-20
1555,Amman,2023-04-20
1556,Amman,2023-11-08
1557,Zarqa,2024-02-10
1558,Amman,2024-09-27
1559,Madaba,2023-12-04
1560,Salt,2023-12-09
1561,Amman,2024-10-28
1562,Amman,2023-05-20
1563,Madaba,2023-11-25
1564,Amman,2024-12-12
1565,Madaba,2024-05-05
1566,Irbid,2023-07-01
1567,Zarqa,2023-11-23
1568,Amman,2024-12-12
1569,Zarqa,2024-05-17
1570,Irbid,2023-09-06
1571,Zarqa,2024-01-21
1572,Amman,2024-02-07
1573,Aqaba,2023-04-27
1574,Karak,2023-07-24
1575,Amman,2024-07-12
1576,Amman,2024-11-29
1577,Amman,2023-01-28
1578,Zarqa,2024-12-26
1579,Zarqa,2024-03-24
1580,Irbid,2024-12-10
1581,Amman,2024-02-23
1582,Amman,2023-05-23
1583,Zarqa,2023-11-07
1584,Irbid,2023-09-16
1585,Mafraq,2023-06-07
1586,Amman,2024-01-22
1587,Aqaba,2024-04-04
1588,Amman,2024-05-05
1589,Irbid,2024-02-15
1590,Aqaba,2024-06-02
1591,Aqaba,2024-07-10
1592,Mafraq,2024-01-04
1593,Amman,2024-08-31
1594,Amman,2023-03-29
1595,Aqaba,2023-09-12
1596,Zarqa,2024-11-11
1597,Amman,2023-06-20
1598,Amman,2024-09-19
1599,Amman,2024-07-30
1600,Karak,2024-11-24
1601,Amman,2024-02-14
1602,Amman,2024-03-16
1603,Amman,2023-01-11
1604,Amman,2023-09-22
1605,Amman,2024-06-06
1606,Irbid,2024-07-25
1607,Amman,2024-12-05
1608,Madaba,2023-08-15
1609,Amman,2024-01-19
1610,Irbid,2024-04-19
1611,Karak,2024-12-08
1612,Zarqa,2023-06-04
1613,Irbid,2023-01-26
1614,Amman,2023-04-18
1615,Amman,2024-03-01
1616,Zarqa,2023-04-29
1617,Mafraq,2023-12-23
1618,Zarqa,2023-12-18
1619,Irbid,2023-07-31
1620,Aqaba,2024-05-09
1621,Irbid,2024-05-02
1622,Amman,2024-03-24
1623,Zarqa,2023-11-23
1624,Mafraq,2023-11-04
1625,Amman,2024-12-28
1626,Aqaba,2023-01-24
1627,Amman,2024-10-25
1628,Irbid,2024-11-24
1629,Amman,2023-09-07
1630,Irbid,2023-06-28
1631,Aqaba,2023-06-13
1632,Amman,2024-07-27
1633,Zarqa,2024-04-18
1634,Madaba,2024-02-19
1635,Salt,2023-07-08
1636,Amman,2024-10-17
1637,Amman,2024-03-18
1638,Amman,2023-01-30
1639,Mafraq,2023-07-22
1640,Salt,2024-08-29
1641,Irbid,2024-02-03
1642,Karak,2024-12-22
1643,Irbid,2023-07-30
1644,Zarqa,2024-12-21
1645,Amman,2024-08-14
1646,Aqaba,2024-07-03
1647,Amman,2024-01-10
1648,Madaba,2023-07-21
1649,Madaba,2023-04-27
1650,Aqaba,2024-11-17
1651,Amman,2024-06-24
1652,Amman,2023-11-17
1653,Amman,2024-02-02
1654,Amman,2024-02-06
1655,Amman,2023-04-27
1656,Salt,2023-12-27
1657,Irbid,2024-09-24
1658,Amman,2024-11-20
1659,Amman,2024-09-21
1660,Irbid,2023-03-28
1661,Zarqa,2023-11-17
1662,Irbid,2023-09-02
1663,Salt,2023-04-30
1664,Irbid,2024-01-18
1665,Mafraq,2024-06-07
1666,Karak,2024-03-04
1667,Amman,2023-05-22
1668,Salt,2024-01-28
1669,Amman,2023-07-10
1670,Madaba,2024-10-12
1671,Amman,2024-12-11
1672,Karak,2023-06-27
1673,Karak,2023-06-20
1674,Madaba,2023-10-23
1675,Madaba,2023-07-11
1676,Amman,2024-04-06
1677,Amman,2023-02-24
1678,Amman,2023-01-10
1679,Amman,2023-05-20
1680,Aqaba,2024-01-29
1681,Amman,2024-06-01
1682,Mafraq,2024-05-21
1683,Zarqa,2024-12-02
1684,Madaba,2024-03-01
1685,Amman,2024-05-15
1686,Karak,2023-03-26
1687,Salt,2023-02-01
1688,Irbid,2023-10-27
1689,Zarqa,2023-10-09
1690,Aqaba,2024-07-04
1691,Amman,2023-06-22
1692,Irbid,2024-08-02
1693,Amman,2024-07-16
1694,Amman,2023-04-26
1695,Amman,2023-04-27
1696,Amman,2024-07-10
1697,Amman,2024-07-09
1698,Amman,2024-03-27
1699,Mafraq,2023-08-12
1700,Irbid,2023-04-15
1701,Mafraq,2023-09-11
1702,Irbid,2023-02-03
1703,Amman,2023-09-27
1704,Irbid,2023-03-31
1705,Irbid,2023-05-01
1706,Amman,2023-08-03
1707,Zarqa,2024-12-06
1708,Amman,2024-12-28
1709,Zarqa,2024-10-09
1710,Zarqa,2023-06-19
1711,Amman,2023-05-23
1712,Amman,2023-07-31
1713,Madaba,2024-08-06
1714,Irbid,2024-06-29
1715,Amman,2024-09-03
1716,Mafraq,2023-06-22
1717,Amman,2024-12-21
1718,Aqaba,2023-10-24
1719,Mafraq,2023-10-01
1720,Amman,2024-11-26
1721,Amman,2023-05-19
1722,Amman,2023-03-02
1723,Amman,2024-11-02
1724,Amman,2024-12-19
1725,Aqaba,2023-09-13
1726,Amman,2024-12-29
1727,Irbid,2023-09-11
1728,Mafraq,2024-05-16
1729,Madaba,2024-08-14
1730,Zarqa,2023-10-03
1731,Amman,2024-02-29
1732,Zarqa,2024-04-07
1733,Irbid,2024-10-10
1734,Irbid,2024-02-17
1735,Amman,2023-10-12
1736,Karak,2024-04-10
1737,Irbid,2023-12-02
1738,Amman,2023-01-03
1739,Amman,2024-04-14
1740,Amman,2024-11-11
1741,Madaba,2023-03-06
1742,Aqaba,2024-02-12
1743,Aqaba,2024-03-15
1744,Amman,2024-05-21
1745,Amman,2023-11-27
1746,Irbid,2023-12-12
1747,Amman,2024-08-14
1748,Amman,2024-08-02
1749,Aqaba,2023-12-18
1750,Amman,2023-02-17
1751,Irbid,2024-10-03
1752,Amman,2023-01-17
1753,Amman,2023-06-11
1754,Amman,2024-04-12
1755,Mafraq,2024-03-14
1756,Madaba,2024-12-06
1757,Mafraq,2024-10-27
1758,Irbid,2023-06-12
1759,Amman,2023-04-06
1760,Irbid,2024-01-05
1761,Irbid,2023-03-26
1762,Karak,2024-11-11
1763,Amman,2023-06-19
1764,Irbid,2024-02-10
1765,Amman,2023-11-09
1766,Amman,2024-03-15
1767,Aqaba,2023-04-04
1768,Irbid,2023-01-02
1769,Amman,2024-05-03
1770,Amman,2023-05-16
1771,Irbid,2023-08-20
1772,Madaba,2024-11-27
1773,Karak,2023-01-10
1774,Mafraq,2024-12-13
1775,Madaba,2023-05-04
1776,Amman,2024-12-11
1777,Zarqa,2024-05-04
1778,Irbid,2023-08-23
1779,Amman,2023-04-02
1780,Karak,2023-04-16
1781,Amman,2024-01-12
1782,Salt,2023-05-21
1783,Irbid,2023-05-17
1784,Zarqa,2024-11-24
1785,Zarqa,2023-03-12
1786,Karak,2024-07-30
1787,Zarqa,2024-09-16
1788,Zarqa,2023-06-18
1789,Amman,2023-12-26
1790,Irbid,2024-10-05
1791,Amman,2024-02-26
1792,Aqaba,2024-12-04
1793,Irbid,2023-08-11
1794,Zarqa,2023-04-13
1795,Amman,2023-05-07
1796,Amman,2024-01-29
1797,Aqaba,2024-03-15
1798,Amman,2023-05-24
1799,Amman,2023-10-11
1800,Amman,2023-03-28
1801,Mafraq,2024-07-20
1802,Aqaba,2024-09-06
1803,Amman,2023-10-19
1804,Amman,2024-11-05
1805,Amman,2023-07-30
1806,Aqaba,2024-09-13
1807,Zarqa,2023-07-13
1808,Amman,2023-10-30
1809,Amman,2023-02-25
1810,Amman,2024-05-21
1811,Zarqa,2023-04-26
1812,Aqaba,2024-05-26
1813,Amman,2024-08-31
1814,Amman,2024-06-24
1815,Amman,2024-01-05
1816,Mafraq,2023-05-16
1817,Amman,2024-08-05
1818,Aqaba,2024-01-10
1819,Zarqa,2024-11-30
1820,Amman,2024-04-27
1821,Amman,2023-01-18
1822,Amman,2023-03-11
1823,Zarqa,2023-09-26
1824,Aqaba,2023-02-10
1825,Zarqa,2024-02-12
1826,Irbid,2023-10-21
1827,Amman,2024-12-30
1828,Mafraq,2024-03-01
1829,Madaba,2024-12-19
1830,Amman,2023-03-26
1831,Mafraq,2024-07-03
1832,Zarqa,2024-09-22
1833,Zarqa,2023-10-12
1834,Aqaba,2023-11-14
1835,Madaba,2024-06-07
1836,Zarqa,2023-06-09
1837,Amman,2023-12-01
1838,Amman,2024-08-23
1839,Salt,2024-10-27
1840,Amman,2023-03-09
1841,Amman,2024-12-16
1842,Irbid,2023-09-02
1843,Irbid,2023-09-08
1844,Zarqa,2024-03-20
1845,Salt,2024-04-09
1846,Amman,2024-09-15
1847,Amman,2023-11-13
1848,Amman,2023-06-29
1849,Karak,2023-01-13
1850,Zarqa,2024-12-19
1851,Amman,2023-06-17
1852,Madaba,2023-12-22
1853,Karak,2024-06-13
1854,Karak,2023-06-20
1855,Salt,2023-05-10
1856,Amman,2023-05-01
1857,Aqaba,2023-12-10
1858,Irbid,2023-10-06
1859,Karak,2023-03-07
1860,Aqaba,2024-12-30
1861,Aqaba,2024-10-04
1862,Zarqa,2024-05-23
1863,Amman,2024-06-07
1864,Irbid,2023-02-26
1865,Mafraq,2024-08-03
1866,Salt,2024-01-12
1867,Amman,2023-09-19
1868,Amman,2024-08-10
1869,Amman,2023-08-22
1870,Aqaba,2023-01-03
1871,Madaba,2023-01-13
1872,Amman,2023-02-17
1873,Irbid,2024-01-08
1874,Karak,2023-06-03
1875,Aqaba,2023-02-06
1876,Irbid,2024-11-02
1877,Zarqa,2023-08-18
1878,Irbid,2023-09-12
1879,Amman,2023-11-24
1880,Zarqa,2023-03-21
1881,Zarqa,2024-01-17
1882,Karak,2024-05-29
1883,Zarqa,2023-07-03
1884,Aqaba,2024-06-12
1885,Amman,2024-02-15
1886,Irbid,2024-04-21
1887,Amman,2023-11-15
1888,Amman,2023-03-30
1889,Aqaba,2024-04-12
1890,Mafraq,2024-01-13
1891,Amman,2023-10-26
1892,Amman,2023-11-08
1893,Madaba,2023-09-06
1894,Amman,2024-01-13
1895,Irbid,2024-05-20
1896,Aqaba,2024-07-13
1897,Zarqa,2023-06-04
1898,Amman,2024-02-24
1899,Amman,2023-08-27
1900,Madaba,2023-12-21
1901,Irbid,2024-12-11
1902,Amman,2023-12-10
1903,Aqaba,2024-11-04
1904,Amman,2023-11-11
1905,Aqaba,2023-07-30
1906,Amman,2023-09-01
1907,Mafraq,2024-05-18
1908,Amman,2023-05-26
1909,Amman,2023-04-06
1910,Amman,2023-08-26
1911,Amman,2024-02-27
1912,Karak,2024-04-14
1913,Mafraq,2024-08-17
1914,Amman,2024-06-01
1915,Irbid,2024-10-14
1916,Aqaba,2023-03-18
1917,Karak,2024-08-04
1918,Zarqa,2024-03-21
1919,Amman,2023-08-31
1920,Amman,2023-09-25
1921,Aqaba,2024-02-07
1922,Amman,2023-11-22
1923,Zarqa,2023-10-06
1924,Amman,2023-03-18
1925,Madaba,2023-05-20
1926,Amman,2023-04-22
1927,Zarqa,2023-04-19
1928,Irbid,2024-04-05
1929,Zarqa,2023-11-18
1930,Amman,2023-05-04
1931,Zarqa,2024-01-02
1932,Zarqa,2024-04-07
1933,Zarqa,2024-04-19
1934,Zarqa,2023-05-03
1935,Zarqa,2023-06-11
1936,Madaba,2024-12-22
1937,Amman,2023-02-11
1938,Madaba,2023-12-02
1939,Irbid,2023-04-04
1940,Amman,2023-12-31
1941,Amman,2024-06-09
1942,Amman,2024-11-24
1943,Madaba,2023-09-24
1944,Aqaba,2023-02-01
1945,Madaba,2024-04-08
1946,Irbid,2024-07-17
1947,Irbid,2023-04-07
1948,Amman,2023-04-15
1949,Amman,2023-05-05
1950,Irbid,2023-03-05
1951,Amman,2023-05-14
1952,Amman,2024-02-15
1953,Zarqa,2024-12-03
1954,Aqaba,2024-10-22
1955,Mafraq,2024-08-19
1956,Salt,2023-09-23
1957,Zarqa,2023-01-23
1958,Irbid,2023-07-22
1959,Zarqa,2024-03-30
1960,Madaba,2023-04-05
1961,Amman,2023-05-06
1962,Amman,2024-04-17
1963,Madaba,2023-06-22
1964,Amman,2024-03-19
1965,Zarqa,2024-05-23
1966,Zarqa,2024-01-27
1967,Amman,2023-06-26
1968,Amman,2023-08-08
1969,Amman,2023-10-09
1970,Amman,2024-04-01
1971,Amman,2023-02-05
1972,Madaba,2024-09-26
1973,Amman,2023-09-09
1974,Irbid,2023-10-30
1975,Amman,2024-02-26
1976,Salt,2024-05-05
1977,Amman,2023-03-31
1978,Irbid,2024-01-28
1979,Karak,2024-03-05
1980,Karak,2024-10-20
1981,Amman,2023-09-13
1982,Madaba,2024-07-10
1983,Irbid,2024-01-27
1984,Irbid,2024-05-06
1985,Amman,2024-05-11
1986,Amman,2024-08-02
1987,Aqaba,2023-11-26
1988,Irbid,2023-10-04
1989,Irbid,2023-01-27
1990,Aqaba,2024-09-03
1991,Aqaba,2023-01-31
1992,Amman,2023-03-01
1993,Zarqa,2024-06-26
1994,Amman,2024-08-21
1995,Aqaba,2023-06-13
1996,Zarqa,2023-09-11
1997,Mafraq,2023-09-04
1998,Amman,2024-06-30
1999,Amman,2023-08-13
2000,Amman,2024-02-02
2001,Amman,2023-06-27
2002,Amman,2023-08-31
2003,Salt,2023-11-22
2004,Amman,2024-08-28
2005,Amman,2024-12-21
2006,Aqaba,2024-08-04
2007,Irbid,2023-05-26
2008,Aqaba,2023-07-12
2009,Amman,2024-07-09
2010,Irbid,2023-06-29
2011,Amman,2023-02-08
2012,Amman,2023-02-27
2013,Salt,2024-09-08
2014,Amman,2023-01-21
2015,Irbid,2024-05-04
2016,Amman,2023-12-06
2017,Amman,2023-07-26
2018,Karak,2023-12-15
2019,Amman,2023-11-28
2020,Zarqa,2023-01-23
2021,Mafraq,2024-08-23
2022,Zarqa,2023-04-24
2023,Salt,2024-01-09
2024,Amman,2024-01-18
2025,Amman,2024-08-23
2026,Amman,2023-12-11
2027,Aqaba,2023-11-27
2028,Mafraq,2023-06-11
2029,Amman,2024-10-16
2030,Zarqa,2024-10-26
2031,Amman,2023-06-28
2032,Zarqa,2024-12-11
2033,Irbid,2024-01-01
2034,Mafraq,2024-11-12
2035,Zarqa,2023-06-29
2036,Amman,2023-11-11
2037,Amman,2023-05-11
2038,Amman,2023-01-02
2039,Amman,2024-02-05
2040,Amman,2023-02-03
2041,Karak,2024-09-08
2042,Zarqa,2024-09-18
2043,Irbid,2024-10-16
2044,Amman,2023-04-17
2045,Karak,2023-05-25
2046,Aqaba,2023-03-21
2047,Amman,2023-12-22
2048,Aqaba,2023-06-21
2049,Irbid,2023-04-01
2050,Amman,2023-12-10
2051,Irbid,2023-01-12
2052,Irbid,2023-08-03
2053,Amman,2024-12-10
2054,Salt,2023-12-25
2055,Karak,2023-04-21
2056,Zarqa,2023-02-19
2057,Irbid,2024-03-24
2058,Amman,2023-06-20
2059,Zarqa,2024-05-19
2060,Irbid,2023-12-26
2061,Amman,2024-01-20
2062,Irbid,2024-05-05
2063,Madaba,2024-10-28
2064,Irbid,2023-06-16
2065,Amman,2023-03-17
2066,Madaba,2023-10-29
2067,Amman,2023-11-23
2068,Amman,2023-04-18
2069,Amman,2023-12-17
2070,Amman,2024-01-20
2071,Aqaba,2023-03-18
2072,Irbid,2023-04-06
2073,Amman,2024-08-31
2074,Karak,2024-05-09
2075,Karak,2024-03-17
2076,Karak,2023-06-18
2077,Amman,2024-03-20
2078,Irbid,2023-02-24
2079,Mafraq,2023-12-06
2080,Aqaba,2023-07-14
2081,Amman,2024-12-14
2082,Amman,2024-07-07
2083,Irbid,2024-11-07
2084,Salt,2023-11-01
2085,Irbid,2023-04-09
2086,Irbid,2024-02-07
2087,Amman,2024-07-16
2088,Zarqa,2023-06-07
2089,Madaba,2024-01-05
2090,Amman,2024-03-13
2091,Aqaba,2023-10-29
2092,Mafraq,2024-09-06
2093,Amman,2023-07-24
2094,Irbid,2023-01-27
2095,Amman,2023-06-24
2096,Madaba,2023-10-26
2097,Zarqa,2024-04-29
2098,Zarqa,2023-11-12
2099,Madaba,2024-04-27
2100,Amman,2024-11-07
2101,Salt,2023-04-04
2102,Irbid,2024-07-11
2103,Amman,2023-07-09
2104,Aqaba,2024-01-26
2105,Madaba,2023-07-11
2106,Amman,2023-02-15
2107,Karak,2024-03-26
2108,Salt,2023-09-27
2109,Amman,2023-10-03
2110,Mafraq,2023-03-05
2111,Amman,2024-12-14
2112,Amman,2023-03-29
2113,Amman,2024-07-08
2114,Karak,2024-08-26
2115,Zarqa,2024-07-20
2116,Amman,2024-02-01
2117,Irbid,2024-03-04
2118,Zarqa,2024-12-04
2119,Amman,2024-08-09
2120,Karak,2024-05-02
2121,Madaba,2023-03-22
2122,Irbid,2023-02-05
2123,Mafraq,2024-08-07
2124,Amman,2024-08-08
2125,Mafraq,2023-05-31
2126,Zarqa,2024-04-04
2127,Zarqa,2023-06-21
2128,Amman,2023-07-17
2129,Karak,2023-02-13
2130,Irbid,2023-03-22
2131,Amman,2023-07-26
2132,Amman,2023-06-01
2133,Irbid,2023-09-22
2134,Irbid,2023-03-10
2135,Aqaba,2024-02-02
2136,Karak,2024-02-11
2137,Amman,2023-11-30
2138,Aqaba,2024-06-16
2139,Amman,2023-01-13
2140,Karak,2024-08-24
2141,Madaba,2024-03-05
2142,Irbid,2024-02-29
2143,Aqaba,2023-06-01
2144,Amman,2024-08-25
2145,Irbid,2023-04-13
2146,Madaba,2024-07-30
2147,Irbid,2023-10-20
2148,Amman,2023-12-19
2149,Irbid,2023-09-28
2150,Madaba,2024-11-01
2151,Amman,2024-08-08
2152,Amman,2024-04-29
2153,Aqaba,2023-06-26
2154,Madaba,2024-02-17
2155,Amman,2024-09-25
2156,Amman,2024-11-28
2157,Amman,2023-02-09
2158,Amman,2023-12-06
2159,Irbid,2023-02-20
2160,Aqaba,2023-10-03
2161,Zarqa,2023-01-21
2162,Zarqa,2023-11-07
2163,Amman,2023-10-15
2164,Karak,2024-12-13
2165,Irbid,2023-08-22
2166,Mafraq,2023-11-04
2167,Zarqa,2023-11-25
2168,Amman,2024-03-02
2169,Zarqa,2024-10-23
2170,Amman,2023-07-12
2171,Zarqa,2023-08-05
2172,Amman,2024-05-11
2173,Amman,2024-01-18
2174,Karak,2024-06-11
2175,Amman,2023-03-09
2176,Madaba,2024-12-27
2177,Amman,2024-02-18
2178,Zarqa,2024-06-20
2179,Aqaba,2023-01-30
2180,Irbid,2023-07-17
2181,Amman,2023-03-01
2182,Amman,2023-02-03
2183,Amman,2023-02-21
2184,Amman,2024-12-22
2185,Zarqa,2023-10-08
2186,Salt,2024-04-20
2187,Karak,2024-02-11
2188,Aqaba,2023-05-07
2189,Madaba,2023-09-05
2190,Zarqa,2024-05-15
2191,Amman,2024-04-01
2192,Salt,2024-04-30
2193,Zarqa,2024-07-18
2194,Zarqa,2023-12-19
2195,Amman,2023-09-22
2196,Irbid,2023-10-19
2197,Irbid,2024-01-31
2198,Karak,2023-06-16
2199,Irbid,2023-08-08
2200,Amman,2024-10-24
2201,Mafraq,2024-11-24
2202,Amman,2023-10-03
2203,Irbid,2024-02-24
2204,Amman,2023-01-21
2205,Aqaba,2024-04-30
2206,Salt,2024-10-24
2207,Amman,2024-09-07
2208,Karak,2023-08-18
2209,Amman,2024-09-14
2210,Salt,2024-12-30
2211,Aqaba,2023-10-09
2212,Madaba,2024-01-21
2213,Amman,2024-04-15
2214,Mafraq,2023-08-12
2215,Aqaba,2023-11-06
2216,Amman,2024-09-30
2217,Madaba,2024-08-21
2218,Amman,2023-01-08
2219,Karak,2024-11-09
2220,Amman,2024-07-28
2221,Aqaba,2024-08-31
2222,Irbid,2023-10-17
2223,Amman,2024-12-01
2224,Amman,2024-05-08
2225,Amman,2023-12-11
2226,Irbid,2024-10-17
2227,Amman,2023-10-11
2228,Zarqa,2024-11-02
2229,Amman,2023-11-02
2230,Amman,2023-06-03
2231,Aqaba,2023-09-04
2232,Amman,2024-09-06
2233,Salt,2024-11-07
2234,Karak,2024-11-28
2235,Zarqa,2023-01-27
2236,Zarqa,2024-05-24
2237,Karak,2023-09-23
2238,Amman,2024-02-19
2239,Amman,2023-02-06
2240,Amman,2024-12-26
2241,Madaba,2023-07-14
2242,Amman,2023-08-16
2243,Zarqa,2024-10-15
2244,Mafraq,2024-11-18
2245,Karak,2024-06-03
2246,Irbid,2023-06-24
2247,Amman,2024-07-25
2248,Madaba,2023-10-28
2249,Zarqa,2024-04-27
2250,Amman,2023-09-22
2251,Amman,2023-07-07
2252,Salt,2024-11-01
2253,Zarqa,2023-08-16
2254,Madaba,2023-08-17
2255,Karak,2024-03-06
2256,Zarqa,2024-01-16
2257,Irbid,2024-08-22
2258,Irbid,2024-04-19
2259,Amman,2024-04-26
2260,Irbid,2024-10-11
2261,Aqaba,2024-08-17
2262,Zarqa,2023-03-14
2263,Karak,2023-07-19
2264,Irbid,2023-05-03
2265,Zarqa,2024-06-26
2266,Zarqa,2024-02-28
2267,Zarqa,2023-06-04
2268,Aqaba,2023-07-25
2269,Amman,2024-02-24
2270,Irbid,2024-04-13
2271,Amman,2023-11-20
2272,Amman,2023-03-24
2273,Irbid,2023-12-07
2274,Zarqa,2023-07-01
2275,Mafraq,2024-10-11
2276,Zarqa,2023-01-05
2277,Aqaba,2023-10-08
2278,Irbid,2023-06-22
2279,Zarqa,2023-06-12
2280,Amman,2023-04-01
2281,Amman,2024-09-21
2282,Amman,2024-10-10
2283,Irbid,2024-02-18
2284,Amman,2024-05-03
2285,Amman,2023-01-05
2286,Amman,2024-06-30
2287,Mafraq,2024-01-18
2288,Amman,2023-11-26
2289,Irbid,2023-07-15
2290,Amman,2024-11-23
2291,Zarqa,2024-10-03
2292,Amman,2023-08-20
2293,Amman,2023-11-16
2294,Irbid,2023-04-16
2295,Amman,2024-05-30
2296,Amman,2023-11-10
2297,Amman,2023-03-08
2298,Amman,2023-11-02
2299,Amman,2024-04-11
2300,Amman,2024-09-02
2301,Madaba,2023-12-12
2302,Zarqa,2024-12-04
2303,Irbid,2023-12-17
2304,Amman,2024-01-03
2305,Salt,2023-06-18
2306,Amman,2023-01-20
2307,Amman,2023-08-18
2308,Zarqa,2023-08-05
2309,Amman,2024-08-26
2310,Amman,2023-06-23
2311,Irbid,2024-01-11
2312,Karak,2023-02-08
2313,Irbid,2024-10-17
2314,Aqaba,2024-07-01
2315,Mafraq,2023-02-19
2316,Amman,2023-02-19
2317,Amman,2024-10-31
2318,Amman,2023-02-19
2319,Irbid,2024-03-02
2320,Amman,2024-01-25
2321,Salt,2024-07-14
2322,Aqaba,2024-04-30
2323,Zarqa,2023-07-30
2324,Amman,2023-01-10
2325,Madaba,2024-03-06
2326,Mafraq,2024-11-09
2327,Madaba,2023-10-04
2328,Amman,2024-09-12
2329,Zarqa,2024-03-04
2330,Amman,2024-06-07
2331,Amman,2023-05-01
2332,Amman,2023-04-27
2333,Zarqa,2024-05-24
2334,Zarqa,2024-09-15
2335,Amman,2023-09-27
2336,Amman,2023-07-26
2337,Irbid,2024-12-21
2338,Amman,2023-10-30
2339,Amman,2023-02-10
2340,Amman,2024-05-23
2341,Aqaba,2024-12-05
2342,Amman,2023-12-05
2343,Amman,2023-01-03
2344,Amman,2024-11-18
2345,Salt,2023-04-24
2346,Zarqa,2024-11-16
2347,Zarqa,2023-06-02
2348,Amman,2024-06-07
2349,Zarqa,2023-04-14
2350,Amman,2024-10-21
2351,Zarqa,2024-04-12
2352,Salt,2023-09-28
2353,Zarqa,2023-02-21
2354,Karak,2023-06-28
2355,Aqaba,2023-10-25
2356,Amman,2024-11-24
2357,Salt,2024-03-12
2358,Amman,2023-04-08
2359,Irbid,2023-01-10
2360,Amman,2024-11-10
2361,Amman,2023-06-24
2362,Irbid,2024-01-02
2363,Amman,2024-09-28
2364,Irbid,2023-04-06
2365,Zarqa,2023-12-17
2366,Amman,2023-04-27
2367,Amman,2024-02-14
2368,Irbid,2023-10-06
2369,Amman,2024-12-07
2370,Aqaba,2024-03-07
2371,Zarqa,2023-06-20
2372,Karak,2023-05-16
2373,Aqaba,2023-06-13
2374,Irbid,2024-03-02
2375,Zarqa,2024-05-09
2376,Amman,2024-11-25
2377,Amman,2023-07-05
2378,Madaba,2024-01-24
2379,Irbid,2024-09-18
2380,Madaba,2024-12-01
2381,Madaba,2024-05-09
2382,Karak,2023-04-26
2383,Salt,2024-03-27
2384,Irbid,2023-03-06
2385,Amman,2024-11-01
2386,Zarqa,2023-01-13
2387,Amman,2024-08-13
2388,Zarqa,2023-08-18
2389,Aqaba,2024-06-15
2390,Zarqa,2024-12-05
2391,Amman,2023-04-08
2392,Amman,2024-11-08
2393,Irbid,2024-05-08
2394,Amman,2024-11-10
2395,Karak,2024-01-30
2396,Amman,2024-07-25
2397,Amman,2023-02-25
2398,Amman,2024-10-20
2399,Zarqa,2024-06-01
2400,Zarqa,2024-05-22
2401,Amman,2023-03-18
2402,Amman,2023-11-25
2403,Amman,2023-12-05
2404,Amman,2023-02-21
2405,Zarqa,2023-08-17
2406,Zarqa,2024-10-20
2407,Amman,2024-02-17
2408,Amman,2023-03-22
2409,Mafraq,2024-03-30
2410,Irbid,2024-04-03
2411,Zarqa,2024-05-25
2412,Amman,2023-11-20
2413,Irbid,2024-05-24
2414,Amman,2023-01-19
2415,Irbid,2024-02-18
2416,Mafraq,2023-02-06
2417,Amman,2024-07-16
2418,Amman,2023-04-04
2419,Amman,2024-09-25
2420,Amman,2023-11-08
2421,Amman,2024-07-29
2422,Amman,2024-11-01
2423,Aqaba,2023-12-16
2424,Irbid,2023-02-25
2425,Amman,2024-04-10
2426,Salt,2024-07-27
2427,Amman,2024-09-06
2428,Mafraq,2024-11-03
2429,Amman,2024-04-08
2430,Karak,2023-04-10
2431,Zarqa,2023-08-16
2432,Madaba,2023-12-16
2433,Mafraq,2024-10-10
2434,Amman,2024-07-14
2435,Mafraq,2024-01-18
2436,Amman,2023-02-16
2437,Amman,2024-05-19
2438,Amman,2024-02-24
2439,Irbid,2023-09-18
2440,Amman,2023-07-20
2441,Irbid,2023-05-04
2442,Irbid,2023-08-09
2443,Aqaba,2023-07-15
2444,Madaba,2023-04-21
2445,Irbid,2023-02-17
2446,Amman,2024-11-19
2447,Amman,2023-05-07
2448,Amman,2024-04-13
2449,Amman,2024-08-26
2450,Amman,2023-05-18
2451,Amman,2023-01-05
2452,Mafraq,2023-02-19
2453,Irbid,2024-03-19
2454,Amman,2024-05-09
2455,Zarqa,2023-07-01
2456,Amman,2023-06-27
2457,Irbid,2023-04-17
2458,Zarqa,2024-11-04
2459,Irbid,2024-09-12
2460,Amman,2024-05-31
2461,Mafraq,2024-03-04
2462,Karak,2024-12-10
2463,Zarqa,2023-10-08
2464,Zarqa,2023-12-18
2465,Zarqa,2024-04-08
2466,Amman,2023-05-22
2467,Amman,2024-09-08
2468,Amman,2023-11-03
2469,Irbid,2023-11-18
2470,Irbid,2024-10-09
2471,Amman,2023-07-25
2472,Mafraq,2024-10-01
2473,Salt,2024-12-04
2474,Aqaba,2024-11-19
2475,Irbid,2024-12-28
2476,Karak,2023-07-02
2477,Amman,2024-07-09
2478,Madaba,2023-11-27
2479,Amman,2023-12-27
2480,Madaba,2024-05-06
2481,Amman,2024-08-07
2482,Karak,2024-11-21
2483,Salt,2023-10-20
2484,Amman,2023-01-14
2485,Irbid,2023-04-20
2486,Mafraq,2024-01-26
2487,Irbid,2023-02-24
2488,Karak,2023-07-24
2489,Zarqa,2023-06-14
2490,Amman,2024-11-30
2491,Amman,2023-05-30
2492,Amman,2024-12-08
2493,Aqaba,2023-07-28
2494,Amman,2023-02-03
2495,Irbid,2024-04-08
2496,Irbid,2024-09-22
2497,Zarqa,2023-08-18
2498,Karak,2024-07-28
2499,Mafraq,2023-09-01
2500,Amman,2024-12-13
2501,Madaba,2024-12-10
2502,Aqaba,2024-01-26
2503,Zarqa,2024-03-02
2504,Mafraq,2024-07-19
2505,Amman,2023-01-14
2506,Amman,2023-07-27
2507,Karak,2024-03-29
2508,Irbid,2024-10-10
2509,Karak,2024-01-12
2510,Karak,2024-07-13
2511,Amman,2023-07-21
2512,Karak,2023-10-29
2513,Irbid,2023-07-01
2514,Irbid,2023-07-11
2515,Zarqa,2024-06-10
2516,Salt,2024-01-22
2517,Amman,2024-03-14
2518,Irbid,2024-07-23
2519,Zarqa,2023-05-14
2520,Aqaba,2024-08-21
2521,Aqaba,2023-01-06
2522,Amman,2024-04-22
2523,Amman,2023-02-10
2524,Amman,2023-11-27
2525,Madaba,2023-02-22
2526,Amman,2024-09-22
2527,Amman,2024-05-17
2528,Mafraq,2024-07-17
2529,Amman,2023-03-16
2530,Mafraq,2024-06-22
2531,Zarqa,2023-07-08
2532,Madaba,2023-03-11
2533,Amman,2023-06-13
2534,Amman,2024-07-10
2535,Aqaba,2024-02-18
2536,Madaba,2023-12-24
2537,Aqaba,2023-08-07
2538,Amman,2023-12-06
2539,Aqaba,2023-10-28
2540,Aqaba,2024-09-25
2541,Zarqa,2024-05-01
2542,Aqaba,2024-10-26
2543,Karak,2023-04-28
2544,Zarqa,2024-04-01
2545,Amman,2024-10-19
2546,Irbid,2024-09-28
2547,Amman,2023-02-10
2548,Amman,2024-01-26
2549,Amman,2024-01-31
2550,Amman,2024-07-07
2551,Amman,2023-01-26
2552,Amman,2024-01-19
2553,Madaba,2024-06-04
2554,Salt,2024-05-13
2555,Amman,2023-10-31
2556,Mafraq,2023-07-17
2557,Irbid,2024-06-10
2558,Amman,2023-04-09
2559,Amman,2024-07-04
2560,Irbid,2023-01-08
2561,Madaba,2023-03-09
2562,Aqaba,2024-11-17
2563,Amman,2023-08-07
2564,Amman,2023-04-17
2565,Amman,2024-07-04
2566,Amman,2024-10-24
2567,Amman,2024-12-03
2568,Amman,2023-01-25
2569,Madaba,2023-12-06
2570,Salt,2023-03-31
2571,Amman,2023-02-25
2572,Salt,2023-09-15
2573,Amman,2023-03-14
2574,Irbid,2023-08-22
2575,Amman,2024-02-22
2576,Zarqa,2024-04-06
2577,Mafraq,2024-02-19
2578,Zarqa,2023-11-20
2579,Amman,2024-02-03
2580,Zarqa,2024-07-01
2581,Amman,2024-10-18
2582,Karak,2023-03-06
2583,Irbid,2023-02-16
2584,Irbid,2024-01-02
2585,Zarqa,2023-04-19
2586,Zarqa,2024-12-03
2587,Amman,2024-09-13
2588,Zarqa,2023-10-16
2589,Amman,2024-01-26
2590,Aqaba,2024-11-07
2591,Madaba,2024-04-30
2592,Madaba,2024-06-30
2593,Irbid,2023-05-20
2594,Irbid,2024-07-12
2595,Amman,2024-10-11
2596,Aqaba,2023-11-02
2597,Amman,2024-01-18
2598,Irbid,2024-07-20
2599,Amman,2023-05-25
2600,Amman,2023-02-12
2601,Zarqa,2024-08-09
2602,Amman,2024-02-08
2603,Aqaba,2024-07-14
2604,Amman,2023-11-09
2605,Amman,2023-12-19
2606,Irbid,2024-02-27
2607,Amman,2024-06-08
2608,Amman,2023-06-14
2609,Aqaba,2023-08-15
2610,Amman,2023-09-16
2611,Madaba,2023-04-28
2612,Amman,2024-11-18
2613,Amman,2023-02-25
2614,Aqaba,2024-04-17
2615,Amman,2024-07-16
2616,Amman,2023-10-25
2617,Amman,2023-09-14
2618,Amman,2023-07-22
2619,Karak,2024-05-13
2620,Amman,2024-01-01
2621,Madaba,2024-11-18
2622,Karak,2023-08-29
2623,Irbid,2023-10-19
2624,Salt,2023-03-13
2625,Amman,2023-11-22
2626,Mafraq,2024-04-06
2627,Amman,2024-09-23
2628,Zarqa,2024-12-11
2629,Irbid,2023-06-06
2630,Amman,2024-08-03
2631,Zarqa,2023-11-20
2632,Aqaba,2023-06-22
2633,Amman,2023-11-17
2634,Amman,2023-08-15
2635,Aqaba,2024-03-22
2636,Zarqa,2024-01-04
2637,Mafraq,2024-11-26
2638,Aqaba,2024-05-06
2639,Mafraq,2024-04-01
2640,Aqaba,2023-11-09
2641,Amman,2024-07-18
2642,Amman,2023-06-29
2643,Madaba,2024-09-13
2644,Zarqa,2023-10-15
2645,Amman,2024-07-05
2646,Amman,2023-09-27
2647,Mafraq,2023-03-20
2648,Irbid,2023-01-20
2649,Irbid,2024-10-08
2650,Irbid,2024-08-18
2651,Amman,2024-02-19
2652,Amman,2023-08-06
2653,Amman,2024-07-18
2654,Amman,2024-07-10
2655,Aqaba,2024-04-28
2656,Amman,2023-06-02
2657,Madaba,2024-02-06
2658,Karak,2024-08-26
2659,Amman,2023-05-18
2660,Zarqa,2024-05-28
2661,Irbid,2023-04-03
2662,Karak,2024-01-08
2663,Amman,2023-01-11
2664,Zarqa,2024-09-20
2665,Zarqa,2024-06-10
2666,Amman,2024-04-01
2667,Amman,2023-07-03
2668,Zarqa,2024-08-02
2669,Aqaba,2024-05-10
2670,Amman,2023-02-11
2671,Zarqa,2024-05-14
2672,Amman,2023-03-06
2673,Aqaba,2024-01-14
2674,Amman,2023-02-13
2675,Karak,2024-06-14
2676,Amman,2024-02-02
2677,Amman,2024-04-10
2678,Amman,2023-02-10
2679,Amman,2023-11-28
2680,Irbid,2024-12-21
2681,Amman,2024-10-10
2682,Madaba,2023-09-27
2683,Amman,2024-07-11
2684,Amman,2023-06-28
2685,Amman,2024-10-31
2686,Amman,2024-01-10
2687,Amman,2024-10-31
2688,Amman,2024-06-13
2689,Irbid,2024-01-21
2690,Amman,2024-06-12
2691,Irbid,2023-12-28
2692,Zarqa,2024-05-13
2693,Amman,2024-09-10
2694,Irbid,2024-05-28
2695,Mafraq,2024-03-26
2696,Irbid,2023-08-24
2697,Zarqa,2024-06-10
2698,Amman,2023-10-15
2699,Aqaba,2023-06-03
2700,Aqaba,2023-06-11
2701,Irbid,2024-09-08
2702,Mafraq,2024-11-07
2703,Amman,2024-02-29
2704,Amman,2023-04-27
2705,Aqaba,2024-11-22
2706,Madaba,2024-05-05
2707,Amman,2024-08-27
2708,Amman,2024-10-24
2709,Amman,2023-01-23
2710,Amman,2023-02-14
2711,Aqaba,2024-08-10
2712,Irbid,2023-06-14
2713,Amman,2024-10-06
2714,Amman,2023-02-10
2715,Amman,2023-05-31
2716,Amman,2023-06-20
2717,Zarqa,2023-07-04
2718,Mafraq,2024-02-20
2719,Karak,2024-07-31
2720,Amman,2023-01-20
2721,Karak,2023-03-29
2722,Madaba,2024-04-04
2723,Madaba,2024-04-27
2724,Irbid,2023-06-24
2725,Amman,2024-02-25
2726,Amman,2023-05-27
2727,Amman,2023-07-06
2728,Amman,2024-11-06
2729,Amman,2023-09-28
2730,Irbid,2024-12-03
2731,Aqaba,2024-04-09
2732,Irbid,2024-08-27
2733,Amman,2023-08-24
2734,Mafraq,2024-01-30
2735,Salt,2023-04-22
2736,Madaba,2023-07-27
2737,Mafraq,2024-05-31
2738,Irbid,2023-06-03
2739,Mafraq,2023-04-09
2740,Amman,2024-05-02
2741,Amman,2024-09-06
2742,Amman,2024-06-28
2743,Amman,2023-05-01
2744,Amman,2024-05-08
2745,Zarqa,2024-09-09
2746,Madaba,2023-01-02
2747,Zarqa,2024-03-17
2748,Amman,2024-03-06
2749,Madaba,2023-02-14
2750,Zarqa,2024-03-15
2751,Amman,2024-05-08
2752,Zarqa,2023-12-25
2753,Amman,2024-12-14
2754,Amman,2023-04-11
2755,Salt,2023-05-18
2756,Amman,2024-05-03
2757,Irbid,2023-03-27
2758,Karak,2024-09-04
2759,Aqaba,2024-02-23
2760,Amman,2023-07-13
2761,Amman,2024-12-27
2762,Amman,2024-08-14
2763,Zarqa,2023-05-01
2764,Irbid,2023-01-08
2765,Amman,2024-11-01
2766,Mafraq,2024-12-05
2767,Irbid,2024-02-23
2768,Amman,2023-04-20
2769,Irbid,2024-03-12
2770,Zarqa,2024-08-22
2771,Amman,2023-09-25
2772,Amman,2024-03-09
2773,Madaba,2024-01-10
2774,Irbid,2023-10-10
2775,Irbid,2023-07-28
2776,Irbid,2024-07-19
2777,Amman,2024-05-09
2778,Amman,2024-01-15
2779,Irbid,2024-07-22
2780,Amman,2023-09-17
2781,Amman,2024-08-14
2782,Karak,2024-12-23
2783,Mafraq,2023-05-22
2784,Madaba,2023-08-24
2785,Karak,2024-12-17
2786,Amman,2023-04-13
2787,Mafraq,2024-06-04
2788,Amman,2023-12-13
2789,Mafraq,2024-09-20
2790,Mafraq,2023-06-14
2791,Aqaba,2024-10-13
2792,Mafraq,2023-04-04
2793,Zarqa,2024-04-27
2794,Amman,2024-03-21
2795,Irbid,2023-03-07
2796,Zarqa,2023-08-16
2797,Amman,2023-03-23
2798,Zarqa,2023-02-08
2799,Mafraq,2024-02-15
2800,Amman,2024-11-02
2801,Madaba,2023-10-21
2802,Salt,2023-02-28
2803,Salt,2024-10-17
2804,Mafraq,2024-03-25
2805,Irbid,2023-07-26
2806,Mafraq,2024-06-14
2807,Aqaba,2023-07-19
2808,Amman,2024-09-05
2809,Irbid,2024-06-12
2810,Aqaba,2024-09-21
2811,Amman,2024-11-21
2812,Zarqa,2024-01-04
2813,Zarqa,2024-11-01
2814,Amman,2023-06-11
2815,Zarqa,2023-10-10
2816,Aqaba,2023-12-28
2817,Irbid,2024-02-20
2818,Amman,2023-07-25
2819,Amman,2023-01-16
2820,Amman,2023-04-03
2821,Salt,2023-10-19
2822,Amman,2024-08-19
2823,Zarqa,2023-12-22
2824,Amman,2023-08-20
2825,Amman,2023-07-19
2826,Karak,2024-02-18
2827,Aqaba,2023-01-05
2828,Amman,2023-06-29
2829,Irbid,2024-06-02
2830,Amman,2024-07-26
2831,Irbid,2024-05-30
2832,Zarqa,2023-12-15
2833,Amman,2024-06-09
2834,Amman,2024-07-04
2835,Amman,2023-09-14
2836,Salt,2024-01-22
2837,Mafraq,2024-05-10
2838,Amman,2023-12-14
2839,Aqaba,2024-11-28
2840,Amman,2024-08-23
2841,Amman,2024-05-08
2842,Aqaba,2023-09-22
2843,Salt,2024-01-27
2844,Mafraq,2023-08-14
2845,Zarqa,2023-11-20
2846,Amman,2023-12-28
2847,Madaba,2024-07-02
2848,Amman,2024-12-18
2849,Zarqa,2023-09-12
2850,Amman,2023-04-06
2851,Zarqa,2024-11-20
2852,Amman,2023-03-19
2853,Amman,2023-07-02
2854,Salt,2023-11-18
2855,Amman,2023-08-12
2856,Irbid,2023-10-03
2857,Amman,2024-11-30
2858,Amman,2024-05-25
2859,Amman,2023-08-29
2860,Amman,2023-09-29
2861,Karak,2023-08-23
2862,Amman,2023-09-13
2863,Mafraq,2023-12-31
2864,Zarqa,2023-04-20
2865,Irbid,2023-03-22
2866,Zarqa,2024-09-20
2867,Irbid,2024-07-08
2868,Aqaba,2024-05-08
2869,Amman,2024-09-27
2870,Amman,2024-05-19
2871,Karak,2023-10-09
2872,Salt,2023-07-07
2873,Karak,2023-10-14
2874,Amman,2023-08-16
2875,Madaba,2023-05-12
2876,Irbid,2024-06-22
2877,Irbid,2024-05-04
2878,Amman,2023-02-03
2879,Zarqa,2023-12-22
2880,Amman,2024-12-03
2881,Amman,2024-04-13
2882,Karak,2024-12-16
2883,Amman,2024-04-16
2884,Amman,2024-12-06
2885,Amman,2023-01-13
2886,Salt,2024-01-24
2887,Irbid,2023-04-14
2888,Amman,2024-01-06
2889,Madaba,2023-09-23
2890,Madaba,2024-07-15
2891,Amman,2023-08-31
2892,Aqaba,2024-04-27
2893,Aqaba,2023-12-18
2894,Zarqa,2023-07-08
2895,Amman,2024-03-10
2896,Karak,2024-03-05
2897,Irbid,2024-01-09
2898,Amman,2023-10-14
2899,Irbid,2023-07-04
2900,Amman,2023-05-15
2901,Amman,2024-12-03
2902,Aqaba,2023-04-13
2903,Amman,2023-08-30
2904,Amman,2024-03-18
2905,Irbid,2023-07-20
2906,Amman,2023-06-03
2907,Mafraq,2023-01-10
2908,Amman,2024-03-07
2909,Amman,2023-05-18
2910,Amman,2024-06-13
2911,Amman,2023-11-20
2912,Amman,2023-11-04
2913,Aqaba,2024-07-29
2914,Mafraq,2023-02-18
2915,Amman,2023-04-12
2916,Zarqa,2023-03-03
2917,Aqaba,2023-09-18
2918,Karak,2024-10-06
2919,Irbid,2024-04-05
2920,Amman,2023-09-24
2921,Amman,2024-01-04
2922,Aqaba,2024-07-24
2923,Madaba,2023-12-19
2924,Amman,2024-02-26
2925,Amman,2023-12-26
2926,Salt,2023-07-23
2927,Madaba,2024-08-12
2928,Mafraq,2024-10-26
2929,Aqaba,2023-06-28
2930,Amman,2023-12-30
2931,Zarqa,2024-11-20
2932,Zarqa,2024-05-14
2933,Amman,2023-03-22
2934,Irbid,2024-09-20
2935,Aqaba,2024-04-19
2936,Amman,2023-05-29
2937,Madaba,2024-10-17
2938,Zarqa,2024-03-07
2939,Mafraq,2024-09-19
2940,Amman,2024-02-19
2941,Amman,2023-03-23
2942,Zarqa,2023-12-18
2943,Amman,2023-11-18
2944,Aqaba,2024-10-30
2945,Aqaba,2024-12-28
2946,Amman,2024-09-11
2947,Irbid,2024-02-09
2948,Irbid,2024-03-31
2949,Amman,2024-08-24
2950,Salt,2024-04-06
2951,Madaba,2023-06-21
2952,Aqaba,2023-01-24
2953,Aqaba,2023-08-29
2954,Irbid,2024-12-18
2955,Salt,2023-08-04
2956,Aqaba,2024-02-11
2957,Aqaba,2023-04-08
2958,Karak,2024-04-29
2959,Amman,2023-02-25
2960,Madaba,2024-02-11
2961,Amman,2023-03-27
2962,Amman,2023-09-26
2963,Amman,2023-06-09
2964,Mafraq,2024-11-01
2965,Karak,2023-11-13
2966,Aqaba,2023-09-11
2967,Aqaba,2024-03-29
2968,Zarqa,2023-05-10
2969,Salt,2024-06-23
2970,Irbid,2023-01-30
2971,Amman,2024-11-10
2972,Amman,2023-11-30
2973,Madaba,2024-04-23
2974,Aqaba,2023-10-06
2975,Amman,2024-03-31
2976,Amman,2024-12-15
2977,Madaba,2023-07-01
2978,Amman,2024-09-03
2979,Aqaba,2024-10-08
2980,Mafraq,2024-07-31
2981,Irbid,2024-06-20
2982,Amman,2024-10-16
2983,Aqaba,2023-11-14
2984,Madaba,2024-05-08
2985,Irbid,2023-08-21
2986,Mafraq,2024-03-28
2987,Amman,2024-01-10
2988,Irbid,2023-09-24
2989,Aqaba,2023-11-07
2990,Karak,2023-01-01
2991,Amman,2023-05-20
2992,Madaba,2023-10-21
2993,Irbid,2024-07-01
2994,Amman,2024-12-05
2995,Amman,2024-05-03
2996,Karak,2023-01-10
2997,Amman,2023-10-27
2998,Amman,2023-08-25
2999,Amman,2024-07-15
3000,Karak,2023-07-13
