order_id,review_score
1,5
2,5
3,4
10,4
12,5
13,5
15,5
16,4
17,5
18,5
22,4
23,4
24,4
25,3
28,5
29,3
30,5
31,3
32,2
33,4
34,4
35,3
38,4
42,4
44,3
46,4
50,5
53,5
55,4
56,4
57,5
58,5
59,5
61,1
62,5
64,2
65,4
68,1
69,5
70,4
71,4
73,5
74,5
75,4
79,4
81,5
82,4
83,5
85,3
86,5
87,5
88,5
90,5
92,5
93,3
95,2
96,4
98,5
100,5
101,4
102,4
103,4
104,5
107,4
108,3
110,4
112,4
113,4
114,5
115,5
116,3
117,4
118,5
119,4
120,2
122,3
123,5
124,5
125,5
128,3
130,5
132,3
133,5
134,5
135,5
137,4
138,5
139,4
140,5
143,5
144,5
145,5
146,4
147,5
149,5
150,3
152,5
153,4
154,3
157,2
159,3
160,4
162,4
163,5
167,5
168,4
169,5
175,5
176,5
177,5
178,5
179,4
184,5
185,3
187,3
188,4
191,4
193,4
197,3
198,5
199,1
201,5
202,3
203,2
205,5
206,2
208,5
209,5
211,4
212,5
217,5
218,5
219,3
220,5
222,5
223,5
224,5
227,4
228,4
229,2
230,4
234,4
236,5
237,3
238,3
239,4
240,5
241,5
242,4
244,5
245,5
247,2
249,5
250,5
251,4
252,2
254,3
255,5
257,5
260,3
261,5
262,3
263,5
264,4
265,4
266,5
268,3
269,5
270,4
271,5
272,3
273,3
277,5
279,3
280,5
281,3
282,3
283,4
285,5
286,2
287,4
288,5
289,4
290,5
291,3
293,4
295,5
296,3
297,4
299,5
300,3
301,5
302,3
304,5
305,4
306,5
307,5
308,5
309,3
311,5
312,5
313,5
314,1
316,5
317,3
318,2
319,5
321,5
323,3
326,4
329,5
331,4
332,3
334,3
335,5
338,5
344,5
345,4
347,5
350,5
351,4
352,5
353,5
354,3
356,2
359,5
360,3
361,3
364,3
368,2
369,4
371,2
372,5
373,4
377,5
379,5
381,3
383,4
385,5
387,1
391,5
393,5
394,5
395,4
396,4
397,4
399,5
400,4
401,4
402,5
403,5
405,2
406,4
407,3
408,4
411,5
415,5
417,3
418,4
420,3
421,4
422,4
423,2
427,3
428,5
429,3
430,5
431,5
433,3
434,5
435,2
436,3
437,5
441,4
443,4
447,3
448,2
451,5
453,4
457,4
458,1
459,4
460,5
463,3
464,3
465,5
467,5
471,5
473,5
474,5
480,3
485,4
486,5
487,4
488,4
489,5
490,5
491,3
493,3
494,4
495,4
498,2
500,4
502,4
503,4
506,4
507,5
508,4
509,2
510,3
511,5
512,5
514,3
517,5
518,5
520,5
521,5
524,5
527,5
528,3
529,3
530,5
532,4
534,4
535,3
536,5
537,5
538,4
539,5
540,2
542,5
543,5
544,3
545,2
546,4
547,5
548,5
549,5
551,5
553,4
556,5
557,2
558,4
559,2
562,5
563,5
564,4
566,5
567,3
568,5
569,4
571,4
574,5
576,5
579,3
581,5
582,4
583,3
586,2
592,1
593,4
594,3
595,5
597,5
598,3
599,5
600,4
601,4
603,5
605,5
606,3
608,4
609,4
614,5
615,5
617,4
618,4
620,5
621,5
623,5
624,4
625,4
627,5
628,2
631,3
632,3
635,3
637,5
639,2
643,2
644,5
645,4
646,5
647,4
648,4
650,3
654,2
657,2
659,4
660,3
661,5
662,5
663,5
664,4
665,5
667,4
668,3
669,3
670,5
671,4
672,5
673,5
674,2
675,4
676,4
678,5
680,3
681,3
682,4
683,5
685,5
686,5
687,4
688,1
689,5
691,3
692,3
693,2
694,5
695,5
696,5
697,5
700,5
701,5
702,5
704,2
705,5
708,2
709,5
711,4
712,3
713,5
718,2
719,5
720,3
723,5
725,5
727,4
728,5
729,5
730,5
731,4
734,5
735,1
736,4
737,5
738,5
739,5
744,5
745,5
746,5
749,3
753,4
759,4
761,4
766,3
767,5
768,5
771,4
773,4
774,1
776,5
779,5
782,5
783,3
786,5
787,3
788,4
790,4
793,4
795,4
796,5
799,5
800,5
801,5
804,4
805,4
806,5
807,4
808,4
809,5
810,4
811,3
814,5
815,4
817,4
818,1
819,4
820,4
821,3
823,2
827,3
828,5
829,5
832,5
836,5
837,5
838,4
839,4
840,5
841,5
843,3
845,5
846,3
848,5
849,3
850,3
851,3
853,3
854,2
856,5
859,4
864,3
866,5
867,5
869,4
870,5
873,5
874,5
877,4
880,4
881,4
882,5
883,4
884,4
885,4
886,3
890,2
893,5
894,3
895,5
896,3
897,4
898,5
899,5
900,5
902,4
903,5
904,2
905,4
908,4
909,5
911,5
912,5
914,5
915,4
918,2
919,4
921,5
922,3
923,1
924,5
925,5
929,4
932,5
935,5
936,5
939,3
941,5
942,5
943,4
944,3
945,5
947,5
951,5
952,5
953,5
954,3
956,4
959,3
960,5
962,5
963,3
966,3
968,5
971,4
972,4
976,5
977,5
978,3
979,4
980,3
982,3
984,4
985,4
986,3
988,4
991,5
992,4
994,4
995,5
996,4
997,5
998,3
1000,4
1001,3
1002,5
1003,4
1004,5
1005,4
1006,4
1007,5
1008,5
1009,4
1011,5
1012,5
1013,5
1019,5
1020,5
1021,5
1023,4
1025,1
1026,5
1027,5
1030,3
1031,4
1032,3
1034,2
1036,3
1038,5
1039,4
1041,2
1042,5
1043,3
1046,5
1047,3
1048,5
1050,4
1051,5
1053,5
1054,3
1055,4
1058,5
1059,5
1061,4
1064,4
1065,5
1066,3
1067,5
1068,4
1069,5
1072,5
1073,3
1074,3
1076,3
1077,3
1078,5
1080,5
1082,5
1083,5
1086,3
1091,5
1093,4
1096,4
1097,4
1098,5
1099,4
1103,2
1104,4
1106,5
1109,5
1111,1
1114,4
1115,4
1116,4
1117,4
1118,4
1120,5
1123,3
1124,3
1126,5
1127,5
1129,3
1131,5
1132,4
1133,3
1134,3
1135,5
1138,3
1139,2
1140,5
1141,4
1142,4
1143,3
1144,3
1145,4
1151,3
1155,5
1157,5
1159,4
1160,5
1164,3
1165,5
1166,4
1167,5
1169,4
1170,5
1173,3
1174,5
1177,5
1178,5
1181,5
1182,5
1183,3
1184,4
1185,3
1187,3
1188,5
1190,2
1191,3
1193,5
1194,5
1195,5
1198,4
1199,3
1202,4
1203,2
1205,4
1207,5
1209,4
1210,3
1216,3
1217,5
1218,5
1219,5
1220,5
1222,4
1224,4
1226,3
1228,5
1229,3
1230,4
1231,4
1234,5
1235,1
1236,5
1237,4
1239,5
1242,4
1245,4
1246,4
1247,5
1248,5
1249,5
1253,4
1254,1
1255,4
1260,5
1265,5
1266,5
1268,4
1269,5
1270,5
1272,3
1273,3
1274,5
1276,5
1278,5
1279,5
1280,3
1281,4
1283,5
1284,5
1285,3
1287,5
1289,4
1290,5
1294,3
1295,2
1300,4
1301,4
1303,4
1305,1
1306,4
1307,2
1310,3
1311,5
1312,4
1314,5
1315,3
1316,5
1320,5
1322,2
1324,5
1327,5
1328,4
1329,4
1330,4
1331,2
1332,5
1334,3
1336,5
1337,5
1342,5
1343,5
1344,4
1345,3
1346,4
1348,5
1349,5
1353,5
1354,4
1355,4
1356,5
1358,5
1361,5
1362,3
1364,5
1365,4
1366,5
1367,3
1369,3
1371,4
1372,3
1373,5
1376,5
1377,4
1378,3
1379,1
1381,5
1383,5
1384,4
1385,4
1386,5
1388,3
1390,4
1391,4
1394,5
1396,2
1397,4
1400,5
1401,5
1402,3
1403,4
1405,5
1406,5
1407,5
1408,5
1410,3
1415,5
1416,5
1417,4
1418,4
1420,5
1422,4
1423,4
1424,3
1426,2
1428,4
1429,5
1434,3
1437,4
1440,2
1441,4
1442,5
1443,5
1444,4
1445,5
1446,5
1449,5
1451,5
1454,5
1455,5
1459,5
1460,2
1461,5
1467,3
1468,5
1469,5
1470,5
1471,4
1472,4
1473,5
1474,1
1476,5
1477,3
1483,4
1484,1
1485,5
1486,4
1489,4
1492,5
1493,4
1494,5
1498,5
1503,5
1504,5
1506,4
1509,5
1510,5
1512,5
1513,5
1514,5
1517,3
1518,3
1520,3
1521,5
1523,5
1529,3
1530,4
1531,3
1532,3
1533,4
1534,5
1535,2
1538,5
1539,4
1543,5
1544,5
1546,5
1547,4
1548,5
1549,5
1550,3
1554,5
1555,4
1556,4
1557,3
1558,4
1559,5
1561,1
1564,4
1565,5
1566,3
1567,4
1569,5
1570,5
1572,5
1573,4
1574,5
1578,3
1579,4
1580,4
1583,3
1585,4
1586,5
1587,4
1589,4
1590,5
1591,3
1592,4
1594,3
1595,5
1599,5
1600,2
1601,5
1602,4
1603,4
1604,3
1605,5
1607,5
1608,2
1610,4
1611,4
1612,5
1614,5
1615,5
1616,3
1618,4
1620,4
1621,4
1622,4
1623,4
1624,4
1625,5
1628,3
1629,5
1631,3
1632,3
1633,4
1634,5
1635,4
1636,4
1638,5
1641,3
1644,3
1645,5
1646,4
1647,2
1651,4
1652,5
1653,5
1654,4
1655,5
1659,3
1660,4
1662,4
1663,3
1664,2
1665,5
1666,3
1668,4
1669,5
1672,4
1673,2
1675,4
1676,5
1677,4
1678,3
1679,3
1680,5
1681,5
1684,4
1686,5
1687,5
1689,4
1693,5
1694,4
1695,5
1696,5
1697,4
1699,4
1702,1
1703,4
1704,5
1705,3
1708,4
1709,3
1711,1
1712,2
1713,4
1714,4
1717,5
1718,3
1719,2
1721,4
1723,4
1724,4
1726,3
1729,4
1732,3
1734,5
1736,4
1737,5
1739,5
1744,5
1746,5
1747,5
1748,4
1750,5
1751,4
1752,5
1753,5
1754,5
1756,5
1759,4
1761,5
1762,4
1763,3
1764,4
1765,5
1766,2
1768,5
1771,4
1773,4
1774,4
1776,4
1778,4
1781,2
1784,3
1785,4
1786,4
1788,4
1790,5
1795,4
1796,3
1797,5
1798,5
1799,5
1800,5
1801,5
1802,4
1804,4
1808,5
1809,3
1815,5
1819,5
1822,5
1824,4
1825,3
1826,5
1828,5
1829,2
1830,3
1831,5
1834,5
1835,5
1836,4
1837,3
1838,3
1839,5
1841,5
1842,4
1848,5
1849,3
1850,4
1851,5
1852,5
1854,2
1855,2
1856,5
1857,1
1859,5
1860,4
1861,3
1862,1
1863,5
1865,4
1866,5
1867,4
1868,5
1871,4
1872,5
1873,3
1874,5
1876,4
1877,4
1879,2
1882,5
1883,4
1886,3
1888,5
1889,3
1890,4
1891,3
1892,4
1894,4
1895,4
1896,3
1898,3
1900,2
1901,4
1902,4
1903,5
1905,5
1907,4
1910,4
1915,3
1917,3
1918,4
1919,5
1924,4
1928,3
1930,4
1931,5
1932,5
1935,5
1936,5
1937,5
1939,4
1940,4
1943,3
1944,5
1946,4
1952,4
1953,5
1954,4
1955,3
1958,4
1962,4
1964,3
1969,4
1970,5
1971,5
1972,5
1973,4
1978,3
1979,4
1981,3
1982,5
1985,5
1986,5
1987,4
1988,5
1989,5
1990,2
1992,4
1993,4
1995,3
1998,5
2000,3
2001,5
2002,4
2003,5
2004,5
2007,5
2008,5
2009,5
2010,4
2013,5
2017,5
2018,4
2019,4
2021,4
2023,2
2024,4
2025,3
2026,5
2027,4
2029,5
2030,5
2031,5
2032,4
2033,3
2034,5
2035,5
2036,4
2037,4
2038,5
2044,3
2045,5
2046,5
2050,3
2051,5
2052,5
2053,5
2056,3
2057,5
2060,1
2062,5
2064,4
2065,3
2067,4
2068,3
2069,2
2070,5
2071,4
2072,4
2073,5
2075,4
2076,5
2078,4
2079,5
2082,4
2084,5
2085,4
2086,5
2088,4
2089,3
2090,5
2091,4
2093,5
2094,5
2096,5
2099,5
2101,1
2104,3
2105,4
2107,5
2108,3
2109,5
2111,5
2112,4
2115,5
2116,4
2117,5
2119,2
2120,5
2123,4
2126,4
2128,4
2129,4
2131,5
2132,3
2135,5
2136,5
2137,3
2141,5
2142,4
2143,5
2145,4
2146,2
2147,4
2148,5
2149,3
2154,1
2155,4
2156,5
2161,3
2162,5
2163,4
2165,4
2166,3
2168,4
2169,4
2170,3
2172,4
2176,2
2177,5
2178,5
2180,3
2181,5
2183,4
2184,5
2185,5
2186,5
2190,4
2191,3
2196,4
2199,5
2202,4
2204,4
2207,5
2208,4
2209,5
2211,3
2212,3
2214,5
2215,4
2216,5
2218,5
2219,5
2220,5
2223,4
2224,5
2225,5
2226,2
2229,5
2230,5
2231,2
2234,2
2235,5
2237,5
2238,4
2239,4
2240,4
2242,5
2243,5
2244,5
2245,5
2246,2
2248,5
2249,3
2250,5
2251,4
2254,3
2256,4
2259,5
2260,4
2261,4
2265,3
2266,2
2267,4
2268,3
2269,5
2272,5
2273,5
2274,3
2275,5
2278,2
2279,4
2280,5
2281,3
2282,3
2283,4
2284,4
2285,3
2286,3
2287,4
2290,5
2291,5
2292,4
2294,1
2295,4
2297,5
2299,4
2300,3
2301,3
2303,5
2304,1
2305,3
2308,4
2310,4
2311,3
2313,5
2315,4
2316,5
2317,5
2318,4
2321,5
2322,5
2323,5
2324,4
2326,5
2327,4
2328,2
2329,4
2330,1
2333,5
2334,5
2335,5
2338,5
2340,5
2342,4
2343,4
2344,5
2345,4
2347,3
2348,5
2349,4
2350,1
2351,4
2353,4
2354,5
2355,3
2356,3
2357,4
2358,5
2359,3
2360,5
2361,3
2363,5
2364,5
2367,3
2368,4
2370,5
2371,5
2374,5
2375,4
2377,4
2379,5
2380,3
2381,4
2384,4
2387,5
2388,5
2389,5
2390,5
2391,4
2392,5
2393,5
2394,5
2395,5
2396,5
2398,5
2399,4
2402,3
2403,2
2404,5
2405,5
2406,3
2407,5
2408,5
2415,4
2416,5
2418,4
2421,4
2423,4
2424,4
2426,3
2427,5
2430,5
2431,5
2433,4
2434,5
2437,5
2438,5
2439,3
2440,3
2441,4
2443,4
2444,5
2445,5
2446,3
2447,2
2451,4
2452,3
2454,2
2456,5
2458,5
2460,4
2461,4
2462,4
2465,5
2467,5
2468,5
2470,3
2471,3
2472,3
2473,5
2474,5
2476,2
2477,5
2480,5
2483,4
2485,5
2486,3
2488,3
2489,2
2492,5
2493,2
2494,3
2498,3
2500,5
2501,4
2503,5
2504,5
2505,5
2506,5
2507,5
2508,4
2509,5
2512,4
2513,3
2514,4
2515,3
2516,4
2518,3
2519,4
2520,2
2521,4
2522,4
2523,5
2524,2
2525,5
2526,5
2527,5
2530,2
2533,5
2534,5
2535,3
2536,5
2538,5
2539,5
2540,1
2541,5
2542,5
2544,4
2545,5
2546,5
2547,5
2551,5
2552,5
2553,3
2555,5
2557,4
2558,3
2562,4
2564,5
2565,4
2566,5
2568,5
2569,5
2570,3
2571,5
2572,5
2573,3
2577,5
2578,5
2581,5
2583,5
2584,4
2585,4
2587,5
2588,4
2589,4
2590,2
2591,2
2592,5
2594,5
2597,5
2600,2
2601,4
2602,4
2603,5
2604,3
2605,5
2606,4
2607,3
2608,5
2609,4
2610,4
2611,5
2612,5
2614,5
2615,5
2616,3
2618,4
2619,4
2620,3
2621,4
2623,5
2624,5
2625,4
2626,4
2627,5
2629,5
2630,4
2631,5
2632,3
2633,4
2634,4
2635,5
2636,4
2637,5
2638,5
2639,3
2640,2
2641,2
2643,2
2644,5
2645,5
2646,4
2647,2
2648,5
2650,2
2651,5
2652,3
2653,5
2654,5
2655,2
2656,5
2658,4
2659,4
2661,5
2663,5
2667,3
2668,5
2670,3
2671,5
2672,5
2674,4
2677,5
2679,5
2680,5
2682,3
2683,1
2684,5
2685,5
2686,5
2687,4
2689,5
2691,4
2692,5
2696,5
2697,5
2700,4
2702,5
2703,1
2704,3
2706,5
2707,5
2709,5
2710,5
2712,5
2713,5
2715,5
2718,5
2721,4
2722,2
2723,3
2724,2
2725,5
2726,5
2727,5
2731,5
2735,5
2736,5
2739,3
2740,5
2742,4
2745,4
2750,3
2751,2
2754,5
2755,5
2756,5
2757,4
2758,5
2762,5
2764,5
2765,4
2769,5
2771,5
2772,5
2773,5
2774,4
2776,5
2777,5
2778,3
2780,5
2781,5
2782,4
2784,4
2786,3
2790,4
2791,2
2792,5
2793,4
2795,4
2801,4
2802,4
2803,5
2804,5
2805,5
2806,5
2807,4
2808,5
2810,5
2811,4
2814,5
2816,2
2818,5
2819,5
2820,5
2821,3
2822,4
2825,5
2826,3
2827,5
2829,4
2830,2
2831,5
2832,5
2836,5
2837,5
2838,5
2843,3
2844,5
2845,4
2846,5
2847,2
2848,4
2849,4
2850,4
2852,4
2853,5
2854,4
2857,5
2859,5
2860,4
2861,3
2862,4
2865,5
2866,5
2867,5
2868,3
2872,5
2873,5
2876,4
2881,5
2883,5
2886,5
2889,5
2892,5
2894,5
2895,5
2896,3
2897,4
2899,5
2900,3
2901,5
2902,2
2903,5
2904,3
2906,5
2907,5
2908,5
2911,5
2912,4
2914,4
2915,4
2919,2
2921,5
2922,4
2924,4
2926,5
2928,3
2930,5
2931,4
2932,5
2934,3
2935,2
2936,5
2937,5
2939,3
2942,5
2943,5
2944,4
2945,3
2946,5
2947,3
2948,2
2949,5
2951,4
2954,5
2957,5
2961,3
2962,4
2963,4
2964,4
2965,3
2966,4
2969,5
2970,4
2971,4
2975,5
2976,4
2978,4
2979,5
2980,5
2981,2
2986,3
2987,5
2988,5
2989,5
2990,3
2992,4
2993,4
2996,4
2997,5
3000,2
3001,3
3004,3
3005,3
3008,3
3011,5
3012,2
3013,3
3017,5
3019,5
3021,2
3026,5
3028,5
3030,3
3032,4
3033,3
3038,4
3039,4
3040,4
3041,5
3045,4
3046,5
3047,5
3048,3
3049,5
3050,5
3051,4
3052,1
3053,5
3055,5
3056,5
3060,3
3062,4
3063,5
3064,4
3066,3
3067,5
3068,3
3069,5
3071,4
3075,5
3076,4
3079,4
3080,5
3081,3
3085,3
3086,5
3088,3
3089,4
3091,3
3092,5
3094,5
3095,5
3096,5
3098,5
3100,4
3102,4
3104,3
3105,5
3107,5
3108,3
3117,5
3118,5
3120,5
3121,3
3122,3
3123,5
3124,3
3125,3
3126,5
3127,2
3129,5
3130,2
3131,4
3132,5
3133,2
3135,4
3141,5
3143,4
3145,2
3147,3
3148,5
3149,3
3152,4
3153,4
3156,5
3157,4
3160,4
3162,4
3163,3
3164,4
3165,5
3168,5
3169,3
3170,4
3171,2
3173,2
3174,5
3177,4
3181,3
3184,4
3186,5
3188,5
3191,4
3196,3
3199,5
3200,5
3203,4
3204,5
3205,5
3206,5
3207,5
3208,5
3209,3
3210,4
3211,3
3212,4
3213,4
3214,5
3215,5
3220,2
3221,4
3223,4
3224,3
3225,4
3227,5
3228,5
3229,4
3231,5
3234,4
3237,5
3239,2
3243,4
3244,5
3245,4
3246,3
3248,5
3249,5
3252,5
3253,5
3254,4
3255,3
3258,4
3260,3
3261,4
3263,5
3265,5
3266,5
3267,3
3271,3
3274,4
3275,4
3277,4
3279,4
3280,2
3281,4
3282,4
3283,5
3284,4
3285,4
3286,5
3287,4
3288,5
3290,5
3291,5
3295,4
3298,1
3300,5
3302,2
3303,5
3305,5
3306,4
3307,1
3310,5
3313,4
3314,4
3315,5
3317,3
3318,4
3319,5
3320,4
3321,5
3322,5
3324,5
3326,5
3328,3
3330,4
3334,3
3335,3
3336,5
3337,4
3340,5
3341,5
3342,4
3343,1
3345,5
3346,3
3348,5
3349,3
3350,1
3351,5
3352,5
3354,4
3355,5
3358,4
3361,4
3363,4
3365,5
3366,4
3367,5
3368,5
3369,4
3370,4
3371,5
3372,5
3374,5
3375,4
3376,3
3377,5
3378,2
3379,5
3380,3
3381,5
3382,5
3383,3
3384,3
3385,5
3387,4
3388,3
3390,5
3391,5
3392,4
3393,4
3394,4
3396,5
3397,5
3398,5
3399,3
3400,4
3402,5
3403,4
3404,5
3405,5
3406,4
3407,4
3408,4
3410,4
3411,3
3414,5
3415,4
3416,5
3417,5
3418,5
3421,4
3422,4
3423,3
3424,5
3425,4
3426,3
3427,3
3430,5
3431,5
3432,3
3433,5
3435,5
3437,5
3439,2
3440,3
3441,5
3442,5
3443,4
3445,5
3446,5
3448,2
3450,3
3452,5
3454,4
3455,4
3457,3
3458,4
3459,1
3460,1
3462,4
3463,5
3464,5
3465,5
3466,5
3467,2
3468,4
3469,5
3470,5
3471,5
3477,3
3481,5
3482,4
3484,5
3485,5
3486,5
3488,5
3490,4
3492,4
3493,3
3494,4
3495,5
3496,5
3497,5
3498,1
3502,5
3508,5
3509,1
3511,5
3512,5
3513,3
3514,5
3515,5
3518,3
3519,4
3520,5
3521,4
3522,4
3524,5
3525,4
3527,4
3529,5
3530,4
3531,4
3532,2
3534,4
3535,4
3536,5
3537,4
3538,5
3540,4
3541,4
3543,4
3545,3
3546,3
3548,4
3550,4
3551,2
3553,5
3554,5
3555,3
3556,3
3557,5
3558,5
3559,4
3560,3
3561,5
3562,5
3563,4
3564,4
3569,5
3572,5
3574,3
3575,3
3576,3
3577,4
3578,4
3580,5
3582,4
3583,4
3584,5
3586,5
3588,1
3590,3
3594,4
3595,4
3596,5
3597,4
3598,4
3599,5
3600,4
3601,4
3603,3
3604,5
3607,3
3608,3
3609,5
3613,4
3614,4
3615,4
3616,5
3617,5
3618,3
3619,5
3620,5
3621,3
3623,2
3625,4
3626,4
3627,3
3628,4
3629,5
3632,3
3634,3
3636,4
3637,4
3638,4
3639,5
3640,4
3641,5
3644,3
3646,5
3647,5
3649,4
3650,2
3653,5
3654,5
3655,3
3656,5
3659,4
3660,5
3661,4
3663,5
3664,4
3669,5
3670,5
3671,4
3672,4
3674,4
3675,3
3678,5
3681,3
3683,5
3684,3
3685,4
3686,3
3687,1
3689,5
3690,5
3695,2
3696,4
3697,4
3698,5
3702,4
3703,4
3705,5
3706,5
3707,4
3708,3
3709,3
3710,1
3712,4
3713,5
3715,5
3717,2
3718,5
3719,3
3720,5
3725,1
3727,3
3730,4
3731,5
3732,4
3733,5
3735,5
3736,5
3741,4
3742,2
3743,4
3746,5
3748,5
3750,3
3751,5
3752,3
3755,5
3757,5
3758,4
3759,4
3760,5
3761,5
3763,5
3765,3
3766,5
3769,4
3771,3
3772,5
3773,5
3774,3
3776,3
3777,5
3779,5
3780,5
3781,5
3782,4
3784,5
3785,5
3787,4
3790,3
3791,3
3793,4
3796,5
3797,4
3798,3
3803,5
3804,5
3805,5
3806,4
3807,4
3810,5
3813,3
3818,4
3819,4
3820,5
3821,4
3824,4
3825,4
3826,4
3828,4
3829,3
3830,5
3833,3
3834,4
3835,4
3836,5
3837,5
3838,4
3839,3
3841,3
3842,4
3844,1
3845,5
3846,4
3848,4
3850,4
3851,4
3855,5
3857,4
3859,4
3860,5
3861,5
3862,5
3863,4
3864,3
3865,3
3866,4
3867,4
3868,5
3870,1
3871,5
3873,5
3874,3
3875,4
3878,2
3883,3
3884,4
3887,4
3888,5
3889,5
3891,4
3892,4
3894,2
3895,5
3896,5
3897,5
3899,3
3900,5
3901,5
3902,3
3903,5
3906,4
3907,4
3908,5
3912,5
3913,3
3914,3
3917,3
3919,4
3920,5
3922,5
3925,5
3927,2
3929,3
3930,2
3931,5
3932,1
3933,1
3934,4
3935,5
3936,5
3937,2
3938,3
3940,5
3941,4
3942,5
3943,3
3946,4
3947,5
3949,5
3950,4
3951,2
3952,5
3954,4
3956,3
3957,3
3959,3
3961,5
3965,3
3966,4
3970,5
3971,5
3973,4
3975,5
3976,2
3977,5
3978,3
3980,4
3982,5
3983,5
3985,5
3986,2
3988,3
3989,5
3990,3
3991,4
3993,3
3995,3
3996,5
3997,5
3999,4
4000,3
4001,3
4002,5
4003,5
4005,5
4006,5
4011,5
4012,2
4013,5
4014,4
4015,5
4016,4
4019,4
4020,4
4023,5
4024,2
4026,5
4032,3
4034,2
4035,5
4036,5
4038,3
4039,5
4042,5
4044,4
4046,3
4047,3
4048,5
4049,5
4051,5
4054,5
4057,3
4058,3
4060,4
4064,5
4065,4
4066,5
4069,4
4070,4
4072,4
4073,4
4074,4
4076,5
4077,4
4079,5
4080,5
4081,5
4083,3
4085,4
4086,5
4087,5
4088,4
4089,5
4090,2
4092,5
4093,3
4094,4
4095,4
4099,4
4100,2
4102,5
4103,1
4104,1
4105,4
4107,4
4112,4
4113,5
4115,5
4117,4
4118,4
4119,5
4120,5
4121,5
4123,5
4124,5
4128,5
4130,4
4131,4
4132,5
4135,3
4137,4
4139,5
4141,4
4142,4
4143,5
4145,4
4146,4
4147,5
4151,4
4152,1
4153,4
4154,3
4155,5
4158,5
4159,5
4160,4
4162,5
4163,2
4167,4
4168,5
4169,4
4171,4
4172,5
4174,5
4175,4
4177,5
4178,5
4179,4
4181,5
4182,4
4184,3
4186,4
4188,5
4189,5
4195,4
4196,3
4197,5
4198,4
4202,4
4204,4
4206,5
4207,3
4208,5
4209,5
4210,5
4213,4
4215,4
4217,5
4221,3
4222,5
4224,5
4226,4
4227,4
4228,5
4229,3
4231,4
4232,2
4234,5
4235,4
4236,3
4237,2
4240,5
4241,5
4244,5
4245,4
4248,5
4250,5
4252,3
4254,1
4255,5
4256,4
4258,5
4263,2
4265,4
4266,4
4267,3
4268,5
4269,3
4270,5
4271,5
4272,4
4273,3
4275,5
4277,5
4278,3
4279,3
4280,3
4281,2
4282,4
4283,5
4284,5
4286,4
4287,3
4292,5
4293,5
4296,4
4298,5
4299,4
4300,5
4301,5
4302,5
4303,2
4306,5
4307,3
4308,5
4309,5
4310,5
4314,4
4315,2
4316,5
4317,5
4318,5
4319,5
4320,5
4323,5
4324,5
4325,5
4326,2
4329,3
4331,5
4332,1
4333,3
4334,1
4335,5
4336,4
4337,4
4346,3
4351,3
4352,5
4354,5
4356,2
4357,3
4358,5
4361,5
4364,4
4365,4
4366,3
4368,3
4373,3
4374,5
4375,4
4376,5
4378,5
4379,4
4380,4
4381,4
4382,5
4383,4
4385,3
4390,4
4393,4
4395,4
4399,4
4400,5
4401,2
4404,3
4405,5
4407,4
4408,5
4409,5
4411,4
4412,5
4413,4
4415,5
4416,3
4417,3
4418,4
4419,5
4421,5
4422,5
4424,3
4425,4
4427,5
4429,2
4430,3
4433,3
4434,5
4435,5
4436,3
4437,5
4438,4
4439,5
4440,5
4441,4
4443,5
4444,2
4446,5
4447,5
4449,3
4450,4
4451,5
4452,5
4453,4
4456,4
4457,5
4458,5
4460,5
4461,5
4464,3
4465,3
4466,4
4467,5
4468,5
4472,3
4473,3
4476,3
4477,2
4478,5
4480,3
4482,5
4483,5
4484,4
4487,4
4488,5
4490,5
4492,4
4493,4
4494,5
4495,5
4497,2
4499,4
4503,3
4505,5
4506,3
4507,4
4513,5
4516,4
4517,5
4518,4
4519,3
4520,5
4521,3
4523,5
4524,5
4525,3
4528,4
4529,5
4531,4
4534,5
4535,5
4536,3
4537,4
4538,4
4542,4
4543,4
4544,3
4545,4
4546,5
4549,4
4550,3
4551,4
4552,5
4553,5
4555,5
4558,4
4562,5
4564,4
4565,5
4566,4
4568,3
4573,3
4574,4
4576,4
4577,4
4578,4
4580,5
4581,4
4582,5
4583,4
4584,3
4585,3
4587,2
4588,4
4589,5
4591,5
4593,4
4594,4
4598,5
4600,4
4602,4
4603,3
4604,3
4606,2
4607,5
4608,1
4609,5
4614,4
4615,3
4616,4
4619,5
4621,5
4623,2
4624,3
4626,5
4628,3
4631,3
4632,2
4639,5
4641,5
4642,3
4643,5
4644,3
4645,4
4647,4
4650,5
4651,3
4652,5
4653,3
4654,3
4659,3
4660,5
4662,3
4664,5
4667,2
4670,5
4672,4
4673,5
4675,4
4677,5
4680,2
4682,5
4685,5
4687,4
4688,5
4692,4
4693,5
4694,4
4696,3
4698,3
4699,3
4700,4
4701,4
4708,4
4709,3
4710,5
4711,4
4712,4
4713,5
4714,4
4717,3
4719,5
4721,5
4724,2
4727,4
4730,5
4731,4
4734,5
4742,4
4744,3
4745,4
4755,5
4758,5
4759,4
4760,3
4762,5
4763,4
4766,3
4767,5
4768,5
4769,2
4770,5
4774,4
4775,5
4776,4
4777,5
4778,4
4779,4
4780,5
4784,5
4787,5
4788,5
4789,5
4790,4
4791,5
4792,4
4793,2
4795,4
4797,4
4798,5
4800,5
4801,5
4802,5
4804,5
4805,4
4807,3
4810,5
4811,4
4813,4
4814,4
4817,5
4821,5
4822,5
4824,5
4828,4
4829,2
4830,4
4831,4
4832,5
4833,5
4834,3
4836,4
4837,4
4838,5
4839,5
4840,5
4841,4
4842,3
4843,4
4844,5
4845,5
4846,5
4847,4
4848,4
4849,5
4850,5
4851,4
4852,4
4853,5
4854,3
4855,5
4856,5
4857,4
4858,3
4859,5
4862,4
4865,5
4866,3
4869,3
4870,5
4871,4
4875,5
4877,4
4878,5
4880,5
4881,5
4884,4
4887,5
4889,5
4891,4
4892,5
4893,4
4894,4
4895,5
4897,4
4898,4
4901,5
4902,5
4903,3
4904,5
4905,3
4906,5
4909,5
4910,2
4913,3
4919,3
4920,4
4924,4
4925,5
4926,5
4927,4
4928,5
4930,4
4931,5
4933,5
4934,4
4935,3
4938,4
4940,3
4941,3
4943,3
4944,3
4945,2
4948,4
4949,3
4954,4
4956,4
4959,5
4962,5
4965,5
4967,4
4968,3
4969,3
4971,4
4972,3
4973,5
4976,5
4977,5
4980,5
4981,3
4982,2
4983,4
4984,5
4985,3
4986,3
4989,5
4990,4
4991,4
4992,3
4994,5
4996,4
4997,3
4998,5
5000,5
5001,4
5002,5
5003,3
5004,5
5006,5
5007,4
5008,2
5014,5
5017,5
5019,2
5021,4
5023,4
5025,2
5027,5
5028,3
5029,5
5030,4
5031,4
5036,5
5037,3
5038,3
5040,5
5041,5
5042,5
5045,4
5046,3
5047,3
5048,3
5050,4
5051,5
5052,4
5054,4
5055,4
5056,3
5057,5
5058,5
5059,5
5061,4
5065,4
5069,2
5071,2
5072,5
5074,5
5076,3
5080,4
5081,5
5084,4
5085,4
5087,1
5088,4
5090,5
5091,4
5096,5
5097,4
5098,4
5100,5
5101,5
5102,5
5103,2
5105,3
5108,5
5109,4
5111,5
5112,4
5113,3
5114,5
5115,5
5117,4
5118,5
5119,5
5121,5
5124,1
5125,3
5127,3
5129,5
5130,5
5131,3
5132,5
5134,4
5135,4
5138,5
5140,5
5141,5
5142,5
5144,5
5145,3
5148,2
5152,5
5153,3
5155,3
5156,5
5158,5
5159,5
5161,5
5162,3
5164,5
5165,3
5166,5
5168,4
5171,4
5174,4
5175,3
5177,5
5179,4
5182,4
5184,4
5185,4
5187,5
5188,5
5189,4
5190,5
5194,4
5197,5
5204,4
5205,4
5206,5
5207,5
5209,4
5210,5
5211,4
5215,3
5216,3
5217,5
5218,4
5220,3
5221,3
5224,5
5227,3
5229,3
5230,5
5232,5
5233,4
5235,5
5236,4
5238,5
5241,5
5242,2
5243,5
5245,4
5246,3
5247,5
5248,3
5249,4
5250,5
5251,2
5252,4
5256,5
5257,5
5259,4
5260,3
5261,4
5264,4
5265,4
5266,4
5269,5
5270,5
5273,4
5274,5
5275,5
5276,4
5277,5
5280,4
5282,5
5283,5
5284,5
5285,3
5286,5
5287,2
5288,5
5289,4
5290,5
5293,1
5294,4
5295,3
5296,5
5297,5
5300,2
5302,5
5303,4
5304,3
5305,4
5307,3
5310,4
5311,3
5313,3
5315,5
5316,3
5317,3
5321,5
5322,5
5323,4
5324,4
5325,3
5327,5
5328,2
5329,5
5330,5
5331,5
5333,5
5334,5
5335,5
5336,4
5338,5
5341,1
5343,5
5344,1
5345,3
5347,4
5349,5
5350,3
5353,5
5354,3
5355,5
5356,2
5357,4
5360,5
5361,4
5364,5
5366,5
5367,4
5369,5
5370,3
5371,4
5372,5
5374,5
5375,5
5376,5
5378,4
5379,5
5381,3
5382,5
5383,3
5385,4
5386,3
5388,3
5392,4
5393,5
5394,4
5396,5
5399,4
5400,5
5403,5
5406,5
5408,4
5410,4
5411,5
5412,5
5416,5
5417,3
5418,5
5421,5
5422,4
5423,3
5428,5
5430,4
5432,4
5434,3
5435,3
5437,4
5440,5
5441,4
5442,4
5443,5
5444,1
5447,5
5448,3
5450,4
5451,3
5452,4
5453,4
5454,4
5455,5
5456,5
5457,5
5459,5
5460,2
5461,5
5462,5
5467,2
5468,4
5469,4
5470,3
5472,5
5473,3
5475,5
5477,5
5479,3
5481,4
5484,5
5486,5
5487,5
5488,5
5490,5
5492,5
5493,3
5494,5
5495,4
5496,5
5497,4
5499,4
5500,5
5501,5
5504,4
5506,5
5509,4
5510,5
5511,4
5512,5
5513,2
5517,5
5518,5
5519,5
5524,4
5526,4
5528,5
5529,4
5530,5
5532,4
5533,4
5534,5
5537,5
5540,5
5542,4
5545,4
5548,4
5549,2
5552,5
5553,4
5557,5
5558,5
5560,2
5563,4
5565,4
5566,2
5567,4
5570,5
5571,4
5572,4
5574,5
5576,4
5580,3
5581,4
5582,5
5584,3
5587,4
5588,5
5590,3
5591,5
5592,4
5593,5
5599,5
5600,3
5601,4
5603,4
5604,4
5605,3
5606,5
5608,5
5611,4
5612,3
5613,5
5614,4
5615,2
5616,5
5618,5
5619,4
5623,3
5625,4
5628,4
5629,5
5630,5
5631,4
5632,5
5633,4
5635,5
5639,3
5640,5
5641,4
5642,3
5645,5
5646,5
5647,5
5649,5
5650,3
5658,5
5659,3
5660,3
5661,2
5662,4
5663,5
5665,3
5667,4
5668,4
5670,5
5678,4
5679,5
5680,5
5682,3
5684,5
5686,2
5687,5
5691,1
5692,4
5694,5
5696,5
5697,5
5698,5
5699,5
5700,4
5701,4
5702,5
5703,4
5704,3
5706,3
5707,4
5708,4
5709,4
5712,3
5713,2
5715,4
5716,5
5717,4
5718,5
5719,5
5722,5
5723,3
5725,5
5726,4
5727,5
5732,5
5735,4
5737,4
5738,5
5740,2
5741,5
5742,2
5744,5
5746,3
5747,5
5748,5
5750,3
5754,2
5756,4
5758,4
5759,5
5760,5
5761,5
5762,4
5763,4
5766,5
5767,4
5768,5
5769,2
5776,3
5777,4
5778,4
5780,4
5781,4
5782,3
5784,5
5785,3
5786,4
5788,3
5789,5
5791,5
5792,5
5794,4
5796,3
5797,4
5799,5
5800,4
5802,5
5803,4
5805,3
5806,5
5807,5
5808,3
5809,3
5810,4
5811,4
5812,5
5814,4
5815,5
5816,5
5818,5
5821,5
5823,5
5824,5
5826,4
5827,5
5828,4
5829,4
5832,4
5833,3
5834,5
5837,5
5838,4
5839,4
5841,4
5843,5
5844,3
5845,5
5846,5
5848,5
5849,5
5852,5
5853,2
5854,3
5857,4
5858,3
5859,5
5860,4
5861,4
5862,5
5865,3
5866,4
5867,4
5870,5
5875,5
5876,3
5878,5
5879,3
5880,5
5883,2
5884,5
5889,4
5891,5
5893,3
5895,5
5898,5
5899,5
5902,4
5903,4
5905,2
5906,5
5907,3
5908,5
5909,5
5910,4
5911,4
5912,5
5913,4
5914,4
5915,3
5917,5
5923,5
5924,5
5925,5
5926,5
5927,1
5929,2
5930,5
5931,3
5932,4
5933,5
5934,5
5935,4
5936,5
5939,5
5941,5
5944,5
5946,5
5948,5
5949,5
5950,4
5951,3
5953,5
5954,2
5955,4
5958,3
5959,5
5960,5
5963,5
5964,5
5967,3
5968,4
5969,4
5970,4
5971,4
5973,5
5975,5
5976,5
5977,4
5978,4
5979,5
5980,3
5982,5
5984,5
5985,2
5988,5
5990,5
5996,5
5997,3
6000,4
6001,3
6009,5
6010,4
6012,4
6013,5
6014,5
6016,4
6018,2
6019,2
6020,5
6021,4
6022,3
6023,5
6025,4
6026,5
6028,3
6029,5
6031,2
6032,5
6033,5
6039,2
6040,5
6043,4
6044,5
6045,5
6049,4
6050,2
6052,3
6053,3
6055,4
6056,4
6060,5
6061,4
6062,4
6063,5
6065,4
6067,5
6068,5
6069,5
6070,2
6071,5
6075,4
6076,4
6077,5
6078,3
6079,5
6082,3
6083,5
6084,5
6085,3
6086,5
6088,4
6089,5
6091,3
6092,5
6094,5
6095,5
6096,3
6097,5
6099,4
6103,2
6104,5
6106,5
6107,2
6108,4
6109,3
6110,5
6111,3
6112,1
6115,5
6117,5
6118,5
6119,5
6120,3
6121,4
6123,4
6126,4
6127,5
6129,4
6130,5
6131,5
6134,4
6135,5
6136,5
6138,4
6139,4
6146,5
6147,5
6148,4
6149,4
6150,5
6152,5
6154,4
6155,3
6156,4
6157,3
6158,4
6162,4
6164,2
6165,3
6167,5
6169,4
6170,4
6171,5
6174,5
6176,3
6178,5
6179,3
6181,5
6182,4
6183,2
6189,5
6190,4
6191,4
6194,5
6197,4
6198,5
6199,4
6200,2
6205,5
6206,4
6207,5
6208,5
6209,5
6210,5
6211,3
6212,5
6213,2
6215,2
6216,3
6219,3
6220,4
6221,4
6222,5
6223,5
6224,5
6225,4
6230,5
6232,4
6233,3
6235,5
6238,3
6240,4
6241,4
6248,5
6250,3
6251,4
6253,3
6257,5
6259,4
6260,1
6261,3
6263,4
6264,4
6267,4
6268,3
6269,4
6273,5
6274,5
6276,4
6278,3
6279,4
6282,4
6285,4
6286,4
6288,5
6292,5
6294,3
6301,2
6305,4
6311,5
6312,5
6314,5
6315,3
6316,3
6319,3
6321,4
6322,5
6324,3
6327,5
6328,4
6330,4
6332,5
6333,5
6334,4
6336,4
6337,4
6338,5
6341,4
6342,3
6343,3
6344,2
6346,5
6348,5
6349,3
6350,2
6351,5
6352,5
6355,4
6357,4
6359,3
6362,3
6365,1
6368,5
6369,4
6371,5
6372,5
6373,5
6374,3
6376,5
6377,3
6378,4
6379,5
6380,5
6382,5
6383,5
6384,4
6385,4
6386,5
6388,4
6389,5
6390,4
6391,4
6392,3
6395,5
6396,4
6397,5
6398,4
6402,5
6404,5
6406,4
6408,4
6409,5
6410,5
6413,3
6415,5
6416,4
6417,2
6419,5
6420,4
6422,2
6424,4
6425,5
6427,5
6432,5
6433,3
6435,4
6436,4
6439,3
6440,5
6442,4
6443,5
6444,3
6446,5
6447,3
6449,4
6450,3
6453,4
6457,2
6459,4
6460,4
6462,4
6463,5
6464,5
6470,4
6474,3
6475,4
6476,1
6479,4
6481,4
6482,5
6483,2
6484,5
6485,2
6486,5
6487,5
6488,3
6489,4
6490,4
6491,3
6494,5
6495,4
6497,5
6499,4
6500,5
6501,5
6503,5
6504,4
6506,3
6507,4
6508,3
6511,4
6513,5
6515,3
6516,1
6518,5
6521,5
6522,4
6523,4
6524,3
6526,4
6530,5
6533,2
6534,5
6535,5
6536,5
6539,5
6540,2
6541,4
6543,5
6544,4
6545,5
6546,5
6547,4
6548,5
6550,5
6551,4
6552,5
6553,5
6555,5
6558,3
6559,3
6562,4
6563,4
6564,4
6565,5
6566,5
6567,5
6568,5
6569,4
6570,5
6574,5
6575,4
6576,4
6577,4
6579,3
6581,3
6582,3
6583,5
6584,3
6585,5
6586,5
6587,4
6588,3
6590,5
6592,3
6594,5
6595,3
6596,5
6597,4
6598,4
6601,5
6602,5
6603,2
6605,5
6606,3
6607,5
6608,5
6609,5
6611,5
6612,3
6615,5
6616,3
6617,3
6618,5
6619,5
6620,3
6621,5
6623,5
6625,5
6627,4
6629,5
6630,5
6631,3
6632,5
6633,4
6634,5
6635,5
6637,5
6638,4
6639,5
6640,4
6642,4
6643,5
6644,4
6645,2
6646,5
6648,2
6649,5
6651,5
6652,2
6653,3
6654,5
6655,2
6656,5
6657,2
6660,5
6662,4
6663,5
6666,3
6668,3
6671,5
6673,5
6674,5
6675,5
6677,2
6680,4
6681,3
6682,5
6683,3
6685,4
6687,4
6691,4
6692,4
6700,4
6701,4
6702,4
6704,4
6709,5
6711,1
6713,4
6715,5
6717,5
6718,3
6719,4
6721,2
6723,5
6725,4
6727,5
6728,5
6730,5
6732,3
6734,3
6737,4
6740,4
6742,4
6743,4
6750,5
6753,5
6754,5
6755,4
6758,3
6761,4
6762,5
6763,4
6764,4
6765,4
6767,4
6770,4
6771,4
6775,4
6776,5
6777,5
6778,5
6780,3
6781,5
6784,4
6785,5
6786,2
6787,5
6788,4
6790,5
6793,3
6794,5
6795,5
6796,4
6803,3
6804,5
6805,4
6806,4
6807,3
6808,5
6810,3
6812,4
6813,5
6815,3
6816,4
6819,4
6820,3
6821,5
6822,5
6823,5
6824,3
6825,4
6826,2
6827,5
6829,5
6830,4
6831,4
6834,5
6835,5
6837,5
6838,5
6842,5
6843,5
6844,5
6846,5
6847,4
6849,4
6852,5
6853,4
6854,5
6855,4
6859,5
6861,5
6863,5
6864,2
6868,5
6869,3
6870,5
6874,3
6875,4
6876,4
6877,4
6880,5
6884,5
6885,3
6886,2
6890,3
6892,4
6893,4
6897,3
6899,2
6900,3
6901,4
6902,4
6903,3
6904,5
6905,1
6909,4
6910,4
6912,4
6913,5
6914,3
6915,5
6916,5
6918,4
6921,4
6924,3
6925,4
6926,3
6928,5
6930,5
6931,3
6935,2
6937,4
6940,5
6942,4
6943,3
6950,4
6952,4
6953,4
6954,4
6955,3
6956,5
6957,4
6960,2
6961,3
6962,4
6964,1
6966,5
6970,5
6971,5
6972,4
6974,4
6975,4
6977,5
6978,5
6980,4
6981,5
6984,5
6985,3
6986,5
6987,5
6988,5
6990,5
6992,5
6995,3
6997,5
6998,4
6999,5
7001,5
7002,4
7003,4
7004,5
7005,5
7006,3
7007,5
7008,5
7009,5
7011,4
7013,4
7015,5
7018,5
7020,5
7024,2
7029,4
7030,4
7032,4
7033,5
7034,3
7040,5
7041,4
7042,3
7043,5
7044,4
7045,4
7046,2
7048,5
7049,5
7050,3
7051,5
7052,2
7053,5
7054,5
7055,4
7056,3
7057,5
7059,2
7061,3
7063,4
7066,2
7068,4
7071,5
7072,3
7073,4
7075,4
7077,5
7078,4
7079,3
7080,5
7082,5
7083,3
7084,5
7086,5
7087,4
7090,4
7091,5
7092,3
7094,5
7095,4
7097,2
7098,3
7100,5
7102,5
7103,5
7104,4
7106,5
7108,4
7109,4
7110,5
7111,4
7114,5
7115,4
7117,5
7118,5
7120,4
7121,5
7123,4
7127,4
7128,3
7129,4
7130,4
7131,5
7132,3
7133,4
7134,5
7135,4
7136,2
7138,5
7139,5
7140,5
7141,4
7142,5
7143,3
7146,5
7149,5
7150,2
7153,5
7154,3
7155,4
7156,3
7157,5
7158,5
7159,3
7160,4
7161,5
7162,3
7166,3
7171,5
7174,5
7177,4
7179,5
7180,3
7181,5
7184,4
7185,3
7187,5
7188,5
7189,4
7190,5
7193,5
7194,3
7195,5
7198,3
7200,4
7201,5
7202,3
7203,5
7205,5
7208,5
7209,5
7212,1
7214,5
7216,5
7218,5
7219,5
7220,5
7221,3
7223,5
7224,5
7225,5
7226,5
7227,3
7229,5
7230,5
7232,3
7233,3
7240,4
7241,4
7242,4
7243,5
7244,5
7245,5
7246,3
7247,5
7248,5
7252,2
7253,5
7254,3
7255,3
7256,4
7258,5
7259,5
7260,5
7261,5
7263,5
7265,5
7268,4
7270,5
7274,4
7275,4
7277,3
7278,4
7281,5
7282,2
7284,5
7285,5
7286,4
7289,2
7290,3
7291,5
7295,5
7296,4
7297,4
7298,5
7299,3
7301,5
7302,4
7305,4
7306,5
7307,5
7308,3
7309,5
7313,5
7315,5
7318,1
7319,5
7320,4
7321,4
7323,5
7328,5
7330,5
7332,3
7333,5
7335,2
7336,2
7338,5
7343,5
7346,4
7347,4
7351,4
7352,2
7355,5
7356,5
7358,5
7359,5
7360,4
7363,5
7364,4
7365,3
7366,5
7367,4
7368,3
7369,4
7370,5
7371,5
7373,4
7374,3
7376,4
7377,5
7378,3
7379,2
7381,5
7382,4
7386,4
7387,5
7391,4
7392,5
7394,3
7395,4
7396,3
7398,5
7399,4
7401,5
7404,5
7405,5
7406,4
7409,5
7410,4
7411,5
7413,5
7414,4
7418,4
7420,2
7421,5
7422,5
7424,5
7426,5
7429,3
7431,5
7432,3
7433,3
7434,3
7435,3
7436,4
7438,4
7439,2
7441,5
7442,4
7445,3
7446,5
7447,3
7448,4
7451,4
7453,5
7457,2
7458,3
7462,4
7464,4
7468,3
7469,4
7471,4
7472,3
7473,2
7474,5
7475,5
7476,4
7477,5
7478,5
7479,3
7480,5
7482,5
7484,5
7485,4
7490,5
7492,5
7493,3
7496,5
7497,5
7498,4
7501,4
7502,5
7503,5
7505,5
7508,3
7509,3
7511,4
7512,3
7515,5
7516,4
7517,5
7519,4
7520,4
7521,4
7523,2
7527,5
7528,3
7529,5
7530,5
7532,4
7534,3
7537,3
7538,4
7542,3
7543,5
7544,4
7546,5
7547,1
7548,3
7550,5
7551,4
7555,2
7556,4
7562,4
7563,4
7566,4
7568,5
7569,5
7572,5
7573,2
7574,5
7575,2
7576,4
7579,5
7580,5
7581,1
7584,1
7585,3
7588,2
7589,5
7592,4
7594,3
7595,5
7597,3
7598,4
7599,5
7603,3
7604,1
7605,5
7607,3
7608,3
7609,4
7610,5
7611,3
7613,4
7618,1
7620,5
7621,5
7624,3
7625,5
7626,3
7627,4
7631,2
7632,4
7633,5
7634,4
7635,4
7637,5
7638,4
7640,3
7641,4
7643,5
7648,3
7649,2
7650,5
7651,4
7654,5
7655,2
7656,4
7657,5
7658,5
7659,5
7664,4
7668,5
7675,4
7676,3
7677,4
7678,5
7679,5
7681,5
7684,4
7686,5
7687,3
7688,3
7690,4
7691,4
7692,4
7693,4
7694,2
7696,5
7697,1
7698,1
7699,5
7701,4
7703,3
7704,3
7705,5
7706,3
7707,3
7708,5
7709,5
7713,5
7714,4
7715,3
7719,5
7720,2
7721,3
7722,5
7723,5
7724,3
7725,4
7727,5
7728,4
7730,5
7731,5
7732,4
7733,5
7734,5
7736,4
7738,5
7740,2
7741,3
7742,5
7744,4
7745,4
7747,4
7748,5
7749,4
7750,5
7752,5
7753,5
7754,5
7755,3
7757,4
7758,2
7760,4
7761,4
7762,5
7763,5
7765,2
7766,5
7767,3
7768,3
7772,4
7773,5
7774,4
7775,5
7776,5
7778,5
7779,4
7780,5
7781,3
7782,5
7784,2
7788,4
7789,5
7790,5
7791,3
7792,3
7793,5
7794,5
7796,5
7799,3
7800,5
7801,4
7805,1
7808,4
7810,5
7811,3
7813,5
7816,4
7817,3
7820,5
7821,4
7823,3
7824,5
7825,5
7826,3
7827,4
7829,4
7832,5
7834,5
7836,5
7837,5
7838,5
7839,4
7841,4
7845,5
7847,4
7848,1
7850,5
7852,5
7853,5
7854,5
7855,4
7856,3
7859,4
7860,4
7861,5
7864,4
7866,3
7867,4
7869,3
7870,3
7871,5
7873,3
7874,4
7877,4
7879,5
7880,3
7882,3
7883,2
7885,5
7890,5
7891,2
7892,4
7893,4
7896,5
7898,4
7901,3
7904,3
7905,4
7908,4
7910,5
7911,5
7913,5
7914,4
7915,5
7916,3
7917,4
7919,4
7921,3
7922,2
7923,3
7924,1
7925,3
7927,5
7929,5
7933,4
7935,3
7936,3
7937,5
7938,4
7939,3
7940,4
7941,5
7942,3
7944,4
7945,3
7946,4
7947,3
7948,4
7950,4
7951,5
7956,4
7959,5
7960,4
7966,4
7967,5
7968,5
7969,1
7971,5
7972,3
7974,4
7975,5
7976,5
7977,5
7978,4
7980,5
7982,4
7983,5
7984,4
7987,5
7988,5
7991,5
7992,5
7993,4
7994,4
7995,4
7996,4
7997,5
7999,3
8003,5
8009,4
8015,3
8016,3
8017,5
8018,5
8021,5
8023,4
8025,5
8026,4
8030,3
8032,5
8036,4
8038,5
8041,4
8042,3
8043,2
8044,5
8049,4
8052,2
8053,4
8054,5
8055,4
8056,3
8059,4
8060,5
8062,2
8063,4
8064,5
8065,1
8067,5
8068,5
8072,3
8074,5
8075,4
8077,4
8079,3
8082,5
8083,4
8084,5
8085,4
8087,5
8088,5
8091,4
8092,4
8093,5
8094,2
8096,4
8099,4
8100,4
8103,5
8104,4
8105,5
8106,4
8107,4
8110,4
8111,5
8112,5
8113,5
8115,5
8116,5
8120,3
8123,4
8125,3
8126,4
8127,1
8128,1
8129,4
8131,5
8132,5
8134,5
8137,4
8141,4
8143,4
8144,5
8147,3
8148,4
8149,5
8150,4
8151,4
8156,4
8157,5
8158,5
8159,4
8161,5
8162,4
8163,5
8165,3
8166,5
8169,4
8172,5
8173,4
8174,5
8175,3
8176,5
8177,5
8178,5
8179,5
8180,5
8181,5
8182,5
8183,3
8185,4
8187,3
8188,4
8190,4
8191,5
8192,4
8193,5
8194,5
8195,3
8196,3
8199,3
8200,4
8201,5
8203,5
8204,5
8205,5
8206,4
8208,4
8210,5
8211,5
8212,5
8213,5
8214,4
8216,5
8217,4
8218,4
8219,3
8220,5
8223,5
8224,5
8225,5
8226,5
8227,4
8229,4
8230,5
8231,3
8233,4
8234,3
8235,5
8238,3
8241,5
8242,5
8243,5
8244,3
8248,5
8249,4
8252,4
8253,3
8254,3
8255,5
8258,5
8259,3
8260,4
8262,5
8263,4
8265,5
8266,3
8268,4
8269,1
8272,2
8273,4
8276,5
8277,5
8280,4
8283,4
8285,4
8286,4
8287,5
8289,4
8290,4
8293,4
8294,5
8295,5
8296,4
8298,5
8300,5
8301,4
8302,3
8305,2
8306,4
8308,5
8310,5
8311,4
8316,5
8317,5
8318,5
8320,3
8323,5
8325,4
8328,5
8330,4
8331,3
8333,3
8336,3
8338,4
8340,5
8341,4
8343,5
8344,2
8345,4
8346,4
8348,5
8349,3
8351,4
8352,5
8353,1
8354,4
8355,5
8356,4
8358,2
8359,5
8361,5
8362,5
8364,4
8365,4
8366,4
8367,2
8368,3
8371,4
8373,3
8374,4
8375,5
8376,3
8378,4
8379,5
8381,5
8385,4
8386,3
8388,3
8389,3
8390,2
8391,3
8392,5
8393,4
8394,4
8396,4
8397,4
8399,4
8400,5
8402,5
8403,5
8404,4
8407,3
8408,2
8409,5
8413,3
8414,5
8416,4
8418,5
8420,5
8422,3
8424,3
8426,3
8427,5
8428,5
8429,4
8431,3
8432,4
8434,2
8435,5
8436,5
8438,3
8442,4
8443,5
8444,2
8448,2
8449,5
8450,5
8453,5
8455,5
8456,3
8459,5
8460,4
8462,4
8463,3
8464,5
8465,4
8470,5
8472,3
8473,5
8474,4
8475,5
8476,4
8477,4
8481,3
8483,5
8484,4
8485,3
8486,4
8488,5
8489,5
8491,5
8492,5
8494,4
8497,4
8498,5
8500,5
8501,4
8502,3
8505,4
8507,5
8508,4
8510,5
8511,5
8512,3
8513,2
8514,5
8515,5
8516,1
8517,2
8519,2
8520,5
8521,4
8522,3
8526,3
8528,5
8529,5
8530,4
8534,4
8536,3
8538,4
8540,2
8542,5
8545,5
8546,5
8547,4
8548,3
8556,4
8558,5
8560,5
8566,5
8569,5
8570,5
8571,4
8572,3
8573,2
8574,3
8576,5
8577,4
8578,5
8581,4
8582,5
8585,4
8586,5
8587,4
8589,2
8591,4
8593,4
8594,5
8597,5
8598,5
8599,5
8600,5
8602,4
8604,3
8607,5
8608,5
8609,2
8610,4
8612,5
8614,5
8615,5
8616,3
8622,2
8623,4
8624,4
8626,4
8627,3
8629,3
8630,4
8632,5
8634,4
8637,3
8638,5
8639,5
8640,5
8643,4
8645,3
8647,2
8649,5
8654,5
8655,2
8656,4
8658,4
8659,3
8663,5
8665,5
8667,4
8668,3
8669,5
8670,4
8672,4
8675,4
8678,5
8679,5
8680,4
8685,5
8686,5
8687,5
8688,3
8691,5
8694,5
8696,5
8699,4
8701,5
8702,5
8703,2
8705,5
8706,4
8707,5
8708,2
8710,4
8711,5
8712,1
8713,5
8714,5
8716,3
8717,5
8718,5
8720,4
8724,5
8725,4
8726,5
8732,5
8733,2
8734,4
8735,5
8737,3
8739,3
8740,3
8741,4
8743,4
8744,4
8745,4
8747,5
8750,5
8751,5
8753,4
8754,5
8756,5
8761,5
8763,5
8765,3
8766,4
8768,2
8770,2
8772,2
8773,3
8775,5
8776,5
8780,5
8781,3
8782,5
8783,1
8786,3
8787,2
8788,5
8790,1
8792,5
8793,4
8795,5
8797,3
8798,4
8799,3
8800,4
8802,3
8803,5
8808,5
8809,4
8810,5
8811,5
8816,5
8817,4
8819,4
8820,5
8823,4
8824,5
8826,3
8827,5
8828,3
8829,3
8830,4
8831,4
8832,5
8834,3
8835,5
8840,4
8841,5
8846,5
8848,4
8849,4
8850,5
8852,3
8853,3
8854,3
8858,5
8859,3
8860,3
8861,5
8863,3
8865,5
8867,3
8868,5
8871,3
8873,4
8874,5
8877,4
8879,5
8880,4
8881,4
8883,4
8886,4
8890,3
8891,5
8892,5
8893,5
8895,4
8896,5
8897,5
8898,4
8899,5
8901,5
8902,3
8905,4
8907,5
8908,5
8910,5
8912,5
8914,4
8916,4
8917,3
8918,4
8919,3
8921,4
8923,5
8924,2
8925,3
8926,5
8929,5
8930,4
8931,5
8933,2
8935,4
8937,5
8940,5
8942,5
8944,4
8945,5
8946,5
8948,3
8953,5
8955,5
8957,5
8960,4
8962,3
8963,5
8965,2
8966,5
8968,4
8969,4
8971,5
8974,4
8975,4
8977,3
8979,4
8980,5
8981,3
8982,4
8983,5
8990,4
8991,4
8992,5
8995,3
8996,5
8997,4
8998,4
8999,2
9001,4
9003,4
9004,5
9005,3
9008,5
9010,5
9011,5
9012,4
9013,5
9014,5
9015,4
9016,4
9018,5
9020,3
9022,4
9025,2
9029,4
9030,5
9031,5
9032,4
9034,4
9038,4
9039,2
9041,4
9044,5
9045,5
9047,5
9049,5
9050,5
9051,5
9052,2
9053,5
9058,4
9059,5
9062,4
9064,5
9068,5
9069,2
9071,4
9072,4
9074,5
9076,5
9081,3
9083,3
9084,5
9086,3
9088,5
9090,5
9091,5
9092,2
9093,3
9094,4
9095,5
9098,5
9099,5
9103,4
9104,3
9111,4
9117,3
9118,5
9119,3
9122,5
9124,4
9125,5
9126,4
9127,5
9129,5
9130,5
9131,4
9132,4
9133,5
9134,4
9136,2
9137,5
9138,4
9139,5
9140,5
9141,5
9142,5
9143,5
9144,4
9148,3
9149,3
9150,3
9151,3
9155,5
9157,2
9159,4
9160,5
9162,4
9165,4
9166,5
9167,3
9168,5
9169,5
9170,2
9173,5
9174,5
9175,4
9177,4
9178,3
9179,3
9180,5
9181,4
9185,2
9186,4
9188,5
9189,5
9192,5
9193,4
9195,2
9196,5
9197,2
9199,4
9201,3
9202,4
9204,5
9207,4
9208,5
9209,4
9212,3
9213,5
9214,5
9215,4
9216,5
9217,5
9218,5
9219,5
9220,5
9222,5
9223,5
9224,4
9225,4
9228,3
9229,4
9230,5
9231,3
9233,4
9234,5
9235,3
9236,1
9237,4
9239,2
9240,3
9241,5
9242,5
9243,4
9249,5
9251,4
9254,3
9255,5
9259,5
9260,3
9261,5
9264,3
9266,5
9268,3
9271,3
9273,3
9274,4
9276,4
9277,2
9279,5
9280,4
9281,4
9282,5
9285,4
9287,3
9290,4
9291,4
9293,4
9295,3
9297,4
9298,1
9299,5
9300,5
9301,3
9303,1
9304,4
9305,5
9306,3
9307,4
9310,5
9311,4
9312,4
9313,3
9316,4
9317,3
9318,5
9319,2
9321,4
9322,3
9323,4
9325,4
9326,4
9327,4
9328,4
9329,5
9330,2
9331,5
9332,4
9334,5
9335,4
9336,4
9337,3
9342,5
9343,5
9350,5
9351,5
9352,5
9353,5
9356,5
9357,5
9359,3
9361,4
9363,5
9365,5
9366,4
9367,5
9368,1
9370,3
9372,5
9376,4
9377,5
9378,5
9379,5
9380,3
9381,3
9382,5
9384,5
9388,3
9389,4
9390,3
9392,3
9393,3
9396,4
9400,3
9402,4
9404,4
9405,4
9406,5
9407,5
9408,5
9411,5
9412,5
9413,4
9415,4
9417,5
9418,5
9419,5
9420,5
9422,5
9423,2
9424,5
9425,5
9426,4
9431,3
9432,4
9435,5
9436,3
9437,5
9440,3
9441,4
9446,5
9447,5
9448,2
9451,3
9452,5
9453,3
9455,5
9456,4
9457,4
9458,5
9460,4
9462,5
9463,4
9464,5
9465,5
9466,5
9469,4
9470,3
9472,4
9473,5
9474,5
9475,2
9478,5
9479,4
9480,4
9482,4
9484,3
9485,4
9487,3
9488,3
9489,5
9492,4
9495,2
9496,4
9497,5
9498,3
9500,4
9501,3
9502,3
9503,5
9506,5
9508,3
9509,4
9510,4
9515,3
9517,2
9518,2
9520,5
9522,2
9526,4
9527,5
9529,4
9530,5
9531,5
9532,5
9534,5
9538,4
9540,2
9542,3
9543,5
9544,4
9546,5
9547,4
9548,3
9549,4
9551,3
9554,5
9557,4
9558,4
9560,5
9563,5
9564,5
9566,4
9567,5
9568,4
9570,3
9573,3
9574,4
9575,4
9576,5
9577,3
9578,4
9579,2
9581,4
9582,4
9584,5
9588,4
9590,4
9591,2
9592,5
9593,4
9595,4
9598,5
9599,5
9600,5
9601,5
9602,2
9603,4
9604,4
9607,3
9608,5
9609,5
9612,3
9613,5
9615,4
9616,5
9617,4
9618,4
9619,3
9620,4
9621,5
9622,4
9624,3
9625,5
9632,2
9633,3
9634,4
9636,5
9637,3
9639,2
9640,5
9642,5
9643,3
9645,3
9646,5
9647,1
9648,5
9651,4
9652,1
9653,3
9655,5
9658,3
9659,5
9660,5
9662,5
9663,5
9664,3
9665,5
9667,4
9668,2
9670,5
9672,3
9673,3
9674,1
9676,4
9677,5
9678,5
9680,5
9681,5
9682,5
9687,4
9689,5
9691,5
9692,4
9693,3
9695,5
9696,3
9697,5
9698,2
9699,1
9700,5
9701,4
9706,3
9707,4
9708,5
9710,1
9711,4
9712,5
9713,4
9714,5
9715,2
9716,5
9718,5
9719,5
9720,5
9721,5
9725,4
9729,2
9731,5
9732,3
9733,4
9734,4
9735,3
9736,4
9737,5
9738,5
9740,4
9743,5
9744,4
9745,2
9752,5
9753,4
9754,2
9755,5
9756,3
9757,4
9758,2
9759,5
9761,5
9764,4
9765,4
9766,5
9772,5
9774,5
9775,4
9776,4
9782,3
9784,1
9785,4
9787,3
9789,2
9792,5
9793,4
9794,5
9796,4
9797,4
9798,5
9804,4
9806,4
9807,3
9808,4
9810,4
9812,4
9816,5
9817,4
9821,5
9822,4
9823,4
9824,5
9825,4
9827,5
9828,5
9829,4
9836,5
9837,3
9838,3
9839,5
9841,5
9844,5
9845,5
9847,3
9848,3
9849,3
9850,4
9851,5
9852,5
9853,4
9856,4
9859,4
9861,5
9866,4
9867,4
9868,5
9869,4
9871,3
9872,5
9873,4
9874,3
9876,5
9877,5
9878,5
9879,4
9885,5
9887,5
9888,2
9893,4
9894,4
9897,4
9900,3
9901,2
9902,5
9903,5
9904,3
9905,5
9906,5
9907,3
9909,5
9911,5
9912,5
9914,4
9915,4
9918,3
9919,4
9920,4
9921,4
9922,3
9928,4
9934,5
9935,5
9936,4
9937,5
9938,5
9939,5
9940,3
9941,5
9944,1
9945,5
9946,5
9947,5
9948,5
9949,5
9950,3
9951,5
9953,5
9954,4
9955,5
9957,4
9961,5
9962,4
9963,4
9964,3
9968,5
9969,4
9970,5
9971,3
9972,4
9973,5
9974,4
9975,4
9976,3
9978,5
9979,5
9981,5
9982,3
9983,2
9984,5
9985,3
9987,5
9988,2
9989,4
9992,5
9993,4
9994,3
9995,5
9996,4
9998,4
9999,3
10000,5
10004,3
10006,4
10011,4
10012,3
10013,4
10016,5
10017,5
10018,5
10020,5
10021,3
10022,2
10023,2
10025,5
10026,5
10027,5
10030,2
10031,3
10033,3
10034,4
10035,4
10036,5
10038,4
10039,3
10043,3
10044,4
10045,5
10047,5
10048,3
10049,5
10050,5
10052,4
10055,4
10057,5
10059,3
10061,4
10063,5
10064,5
10065,5
10066,4
10067,4
10073,5
10075,5
10076,5
10077,2
10083,4
10084,5
10086,5
10088,2
10091,5
10092,5
10093,3
10094,5
10096,5
10097,5
10100,5
10104,4
10105,5
10106,5
10107,5
10108,5
10109,5
10110,4
10112,5
10114,3
10115,4
10116,2
10120,4
10121,5
10122,3
10124,5
10125,5
10127,4
10128,3
10129,2
10130,4
10131,4
10132,3
10134,5
10136,5
10139,5
10140,4
10143,4
10144,5
10147,5
10150,5
10151,5
10152,5
10154,5
10156,5
10158,5
10159,5
10160,5
10161,2
10163,3
10165,5
10166,5
10167,2
10168,4
10170,4
10171,4
10173,3
10174,3
10175,5
10176,1
10177,3
10178,5
10179,5
10180,4
10182,4
10186,4
10188,5
10189,5
10192,5
10195,5
10196,5
10197,3
10198,4
10200,3
10202,2
10206,4
10207,5
10209,4
10210,2
10211,4
10212,5
10213,4
10215,5
10216,5
10217,5
10218,4
10221,4
10222,5
10224,1
10226,2
10227,4
10229,2
10231,4
10232,2
10235,3
10237,4
10239,4
10240,2
10242,5
10243,5
10244,5
10249,4
10261,5
10264,4
10265,5
10267,3
10268,4
10269,3
10272,5
10273,4
10274,5
10275,5
10277,2
10278,4
10279,5
10280,4
10281,3
10282,5
10283,3
10284,4
10285,4
10288,5
10293,2
10295,5
10296,4
10297,4
10298,4
10300,5
10303,5
10304,4
10308,5
10310,5
10311,4
10312,3
10313,3
10314,4
10317,4
10320,3
10321,5
10325,5
10326,3
10328,5
10329,4
10331,2
10333,4
10335,3
10336,3
10337,4
10338,5
10341,4
10344,3
10346,5
10348,5
10349,4
10353,5
10354,5
10358,4
10359,5
10360,5
10362,3
10363,4
10366,4
10368,4
10369,5
10370,3
10371,3
10375,4
10377,3
10378,5
10382,5
10383,5
10385,4
10386,5
10387,3
10388,4
10391,4
10392,5
10393,4
10395,5
10396,5
10398,5
10400,5
10401,5
10402,5
10404,4
10405,5
10407,5
10409,4
10415,5
10418,5
10420,4
10421,4
10422,2
10423,3
10427,5
10428,5
10431,5
10432,4
10433,4
10435,4
10436,3
10437,1
10438,3
10439,3
10441,5
10442,5
10443,4
10444,3
10445,3
10446,2
10448,3
10449,5
10451,5
10452,4
10455,3
10456,5
10458,5
10459,2
10460,5
10461,5
10462,2
10463,5
10464,5
10469,5
10470,4
10471,4
10474,4
10477,5
10478,4
10479,3
10481,4
10482,5
10483,4
10487,4
10488,2
10489,3
10490,5
10491,5
10492,3
10493,4
10495,4
10496,5
10498,5
10506,5
10509,3
10513,5
10514,3
10515,3
10516,4
10517,3
10521,4
10522,4
10523,5
10524,5
10525,5
10526,5
10528,3
10529,5
10530,5
10531,4
10534,3
10535,5
10536,4
10537,5
10538,4
10539,4
10541,5
10543,5
10545,4
10546,5
10548,4
10549,5
10550,5
10554,3
10555,4
10556,3
10557,5
10561,5
10562,5
10563,3
10565,2
10569,2
10571,4
10573,5
10574,3
10575,5
10576,4
10580,4
10581,5
10582,4
10583,5
10589,3
10591,5
10593,3
10595,3
10596,5
10601,5
10602,5
10603,4
10605,5
10608,3
10609,4
10610,3
10611,5
10612,5
10613,5
10616,4
10617,3
10619,4
10623,5
10625,4
10627,3
10629,5
10630,2
10631,5
10634,5
10637,5
10638,3
10639,5
10641,5
10643,4
10644,5
10645,4
10646,4
10647,4
10648,4
10650,4
10651,5
10653,3
10654,4
10655,3
10657,5
10660,5
10661,4
10668,4
10669,5
10670,3
10671,5
10673,4
10674,4
10676,5
10677,5
10678,4
10680,5
10681,5
10682,3
10683,4
10685,5
10688,3
10689,5
10690,5
10692,5
10695,5
10698,4
10699,5
10700,2
10701,5
10706,5
10707,5
10709,5
10710,3
10711,5
10714,4
10716,3
10718,3
10721,3
10722,3
10723,2
10724,5
10727,5
10729,4
10733,1
10734,4
10735,5
10736,5
10737,3
10740,4
10741,5
10742,5
10743,4
10745,4
10746,4
10747,4
10748,5
10750,2
10752,5
10753,4
10754,5
10755,5
10756,4
10757,5
10759,3
10760,5
10761,4
10762,4
10764,5
10765,3
10767,5
10768,4
10769,5
10771,5
10773,5
10777,4
10779,4
10780,3
10781,5
10783,5
10784,4
10785,5
10786,3
10787,3
10788,4
10790,4
10791,4
10792,5
10796,3
10798,5
10799,5
10800,4
10801,4
10802,5
10804,2
10806,5
10807,5
10808,5
10813,5
10817,5
10818,4
10820,3
10821,1
10822,3
10823,3
10824,5
10825,4
10826,5
10827,4
10828,5
10830,4
10831,5
10834,4
10836,5
10837,5
10838,4
10841,4
10846,5
10847,4
10849,5
10850,3
10851,5
10852,5
10853,2
10854,4
10856,5
10857,5
10860,5
10861,5
10862,4
10863,5
10864,3
10869,5
10870,3
10871,4
10874,3
10875,2
10876,3
10877,4
10879,4
10881,5
10882,3
10888,5
10889,5
10890,4
10891,5
10893,5
10895,5
10897,3
10898,5
10899,4
10900,5
10903,5
10904,5
10905,5
10907,5
10908,4
10909,4
10910,3
10917,3
10918,5
10919,4
10920,5
10921,5
10923,4
10925,5
10926,5
10927,5
10928,4
10932,2
10934,4
10939,4
10940,5
10944,3
10945,4
10947,4
10950,1
10951,5
10955,5
10956,3
10957,5
10959,4
10961,5
10963,3
10964,4
10965,2
10966,4
10967,4
10968,3
10969,5
10971,5
10972,5
10974,5
10976,4
10978,5
10979,5
10980,4
10982,2
10983,5
10984,3
10985,5
10986,5
10987,5
10989,5
10990,4
10992,4
10993,5
10994,5
10995,4
10999,4
11000,4
11001,4
11002,4
11003,5
11005,5
11007,3
11010,4
11012,3
11013,5
11016,2
11017,4
11018,5
11020,4
11021,5
11022,4
11028,5
11030,3
11031,3
11032,3
11033,4
11034,2
11035,5
11036,4
11041,5
11042,3
11044,3
11045,5
11046,2
11047,4
11048,5
11051,4
11052,3
11053,3
11055,4
11058,4
11059,4
11060,5
11061,5
11064,5
11065,4
11066,4
11067,2
11068,4
11069,4
11070,3
11071,5
11073,4
11075,4
11076,5
11077,3
11078,5
11079,5
11082,5
11083,4
11084,3
11085,4
11087,4
11092,4
11093,4
11094,5
11095,3
11096,4
11098,5
11100,4
11103,4
11104,5
11105,5
11106,2
11107,5
11110,2
11111,4
11112,4
11115,3
11118,5
11119,4
11120,3
11126,3
11127,5
11128,3
11129,5
11130,5
11134,4
11137,5
11138,5
11139,5
11143,5
11145,4
11146,5
11147,5
11149,5
11150,5
11151,3
11152,5
11155,4
11159,5
11162,5
11163,4
11164,3
11166,5
11168,5
11174,5
11175,5
11176,3
11178,4
11179,3
11180,5
11181,5
11182,5
11184,5
11186,5
11189,5
11190,3
11191,1
11193,3
11196,5
11197,5
11199,4
11200,5
11201,3
11202,3
11203,4
11204,3
11205,5
11206,4
11209,3
11211,5
11215,5
11216,4
11217,5
11218,5
11219,4
11221,4
11222,5
11223,5
11225,4
11226,5
11229,5
11230,3
11231,5
11236,5
11237,5
11238,5
11241,4
11242,4
11244,4
11249,5
11250,5
11251,4
11254,1
11255,5
11260,4
11261,3
11264,5
11267,4
11270,4
11271,4
11272,4
11274,3
11276,2
11277,4
11279,4
11281,3
11282,1
11283,2
11284,2
11285,5
11286,5
11287,3
11288,3
11292,5
11293,4
11294,5
11297,5
11298,3
11299,5
11301,4
11302,5
11305,3
11306,4
11307,4
11310,3
11311,3
11312,2
11313,3
11315,1
11316,5
11318,4
11319,5
11323,2
11324,4
11325,4
11326,5
11327,5
11330,2
11331,5
11333,5
11335,5
11337,5
11339,3
11340,3
11343,5
11344,4
11346,5
11347,5
11351,3
11352,5
11355,3
11356,4
11358,5
11361,3
11362,4
11364,5
11365,4
11366,5
11367,4
11368,3
11369,5
11371,4
11374,4
11377,5
11378,5
11379,3
11382,4
11383,2
11385,5
11387,5
11388,5
11392,5
11393,5
11396,5
11398,5
11401,4
11402,5
11403,4
11408,5
11409,2
11410,3
11412,3
11413,4
11414,5
11415,5
11416,4
11418,5
11419,4
11422,5
11424,5
11425,4
11428,4
11430,3
11431,5
11432,5
11434,5
11435,5
11437,5
11438,4
11441,5
11442,5
11444,5
11445,5
11446,5
11448,5
11449,3
11451,5
11453,5
11455,2
11456,4
11457,3
11459,3
11463,5
11465,5
11466,5
11469,4
11470,4
11476,5
11477,5
11478,5
11479,5
11481,4
11483,5
11485,4
11487,5
11488,3
11489,5
11491,5
11492,5
11493,4
11495,4
11498,5
11499,4
11500,4
11501,2
11503,5
11504,3
11505,4
11508,4
11510,5
11512,5
11513,5
11516,3
11517,4
11519,2
11520,1
11523,5
11524,5
11526,5
11527,4
11529,4
11531,4
11532,5
11533,2
11534,4
11535,4
11536,4
11537,4
11538,4
11539,4
11540,4
11542,5
11544,2
11546,5
11548,5
11549,5
11550,5
11553,3
11554,3
11555,5
11558,4
11559,4
11560,3
11561,5
11562,4
11563,5
11565,5
11566,4
11569,3
11570,5
11574,4
11575,4
11576,3
11578,4
11579,5
11580,5
11581,3
11582,4
11584,4
11586,4
11587,4
11589,4
11590,3
11591,5
11592,5
11593,5
11594,4
11595,4
11597,5
11598,4
11599,2
11600,5
11601,3
11603,5
11609,3
11610,2
11613,3
11614,5
11615,3
11617,5
11618,4
11619,4
11620,5
11623,4
11624,5
11625,5
11628,5
11631,5
11632,5
11633,5
11635,5
11636,4
11637,4
11644,5
11647,2
11648,4
11649,5
11651,5
11652,3
11654,4
11655,4
11656,5
11659,4
11660,5
11661,2
11662,3
11663,3
11665,4
11668,4
11673,3
11677,5
11679,5
11682,1
11683,3
11684,2
11686,5
11687,2
11688,5
11689,4
11690,2
11691,5
11693,5
11694,5
11695,5
11696,5
11699,5
11700,5
11701,5
11702,5
11703,5
11704,5
11705,5
11706,5
11707,5
11711,3
11712,5
11713,5
11715,5
11716,4
11718,5
11720,2
11721,3
11723,5
11724,3
11726,4
11728,4
11729,4
11730,4
11733,2
11735,4
11737,5
11738,4
11741,4
11742,4
11743,5
11746,4
11747,5
11749,5
11750,3
11751,3
11752,3
11753,5
11754,3
11756,2
11757,4
11759,5
11761,3
11762,4
11763,5
11764,5
11765,5
11767,4
11769,4
11770,2
11771,5
11772,5
11773,4
11774,5
11775,5
11777,5
11778,3
11781,5
11782,3
11783,5
11784,4
11786,5
11787,5
11790,5
11791,3
11793,4
11794,5
11795,3
11796,5
11798,5
11799,4
11802,4
11803,3
11805,5
11806,4
11807,4
11809,3
11810,5
11812,5
11813,4
11814,5
11815,5
11817,5
11818,5
11819,5
11820,2
11821,4
11822,5
11824,5
11825,3
11828,3
11832,5
11833,5
11835,4
11842,4
11845,5
11846,4
11848,5
11850,5
11851,4
11852,4
11853,2
11854,3
11857,5
11859,4
11862,5
11863,4
11864,4
11865,4
11866,4
11869,4
11870,5
11873,3
11874,4
11875,3
11878,4
11879,5
11880,2
11882,3
11886,5
11889,3
11894,5
11895,4
11896,3
11899,5
11900,4
11902,3
11908,3
11913,5
11914,4
11917,5
11918,1
11920,4
11922,5
11925,5
11930,5
11931,5
11936,4
11937,3
11938,4
11939,5
11940,4
11941,5
11942,5
11944,5
11946,3
11947,5
11948,5
11949,5
11951,3
11953,5
11955,5
11958,5
11959,4
11961,2
11962,2
11963,4
11964,5
11966,5
11967,5
11970,5
11972,5
11973,5
11975,5
11976,5
11978,2
11979,5
11981,5
11982,4
11983,5
11986,5
11989,4
11990,1
11992,4
11993,4
11995,3
11996,3
